{
	"pattrstorage" : 	{
		"name" : "default_controller",
		"slots" : 		{
			"1" : 			{
				"id" : 1,
				"data" : 				{
					"d_name" : [ "nanoKEY KEYBOARD" ],
					"a1" : [ "Type_Module_Name_Here_1" ],
					"b1" : [ 1 ],
					"c1" : [ 0 ],
					"d1" : [ 0.0 ],
					"e1" : [ 1.0 ],
					"f1" : [ 13.0 ],
					"g1" : [ 0 ],
					"h1" : [ 1 ],
					"a1[1]" : [ "Type_Module_Name_Here_2" ],
					"b1[1]" : [ 2 ],
					"c1[1]" : [ 2 ],
					"d1[1]" : [ 2.0 ],
					"e1[1]" : [ 3.0 ],
					"f1[1]" : [ 14.0 ],
					"g1[1]" : [ 1 ],
					"h1[1]" : [ 2 ],
					"a1[3]" : [ "Type_Module_Name_Here_3" ],
					"b1[3]" : [ 3 ],
					"c1[3]" : [ 0 ],
					"d1[3]" : [ 4.0 ],
					"e1[3]" : [ 5.0 ],
					"f1[3]" : [ 15.0 ],
					"g1[3]" : [ 0 ],
					"h1[3]" : [ 3 ],
					"a1[2]" : [ "Type_Module_Name_Here_4" ],
					"b1[2]" : [ 4 ],
					"c1[2]" : [ 1 ],
					"d1[2]" : [ 6.0 ],
					"e1[2]" : [ 7.0 ],
					"f1[2]" : [ 16.0 ],
					"g1[2]" : [ 1 ],
					"h1[2]" : [ 4 ],
					"a1[7]" : [ "Type_Module_Name_Here_5" ],
					"b1[7]" : [ 5 ],
					"c1[7]" : [ 2 ],
					"d1[7]" : [ 8.0 ],
					"e1[7]" : [ 9.0 ],
					"f1[7]" : [ 13.0 ],
					"g1[7]" : [ 0 ],
					"h1[7]" : [ 5 ],
					"a1[6]" : [ "Type_Module_Name_Here_6" ],
					"b1[6]" : [ 6 ],
					"c1[6]" : [ 0 ],
					"d1[6]" : [ 10.0 ],
					"e1[6]" : [ 11.0 ],
					"f1[6]" : [ 14.0 ],
					"g1[6]" : [ 1 ],
					"h1[6]" : [ 6 ],
					"a1[5]" : [ "Type_Module_Name_Here_7" ],
					"b1[5]" : [ 7 ],
					"c1[5]" : [ 1 ],
					"d1[5]" : [ 12.0 ],
					"e1[5]" : [ 13.0 ],
					"f1[5]" : [ 15.0 ],
					"g1[5]" : [ 0 ],
					"h1[5]" : [ 7 ],
					"a1[4]" : [ "Type_Module_Name_Here_8" ],
					"b1[4]" : [ 8 ],
					"c1[4]" : [ 2 ],
					"d1[4]" : [ 14.0 ],
					"e1[4]" : [ 15.0 ],
					"f1[4]" : [ 16.0 ],
					"g1[4]" : [ 1 ],
					"h1[4]" : [ 8 ],
					"a1[15]" : [ "Type_Module_Name_Here_9" ],
					"b1[15]" : [ 9 ],
					"c1[15]" : [ 0 ],
					"d1[15]" : [ 16.0 ],
					"e1[15]" : [ 17.0 ],
					"f1[15]" : [ 13.0 ],
					"g1[15]" : [ 0 ],
					"h1[15]" : [ 9 ],
					"a1[14]" : [ "Type_Module_Name_Here_10" ],
					"b1[14]" : [ 10 ],
					"c1[14]" : [ 1 ],
					"d1[14]" : [ 18.0 ],
					"e1[14]" : [ 19.0 ],
					"f1[14]" : [ 14.0 ],
					"g1[14]" : [ 1 ],
					"h1[14]" : [ 10 ],
					"a1[13]" : [ "Type_Module_Name_Here_11" ],
					"b1[13]" : [ 11 ],
					"c1[13]" : [ 2 ],
					"d1[13]" : [ 20.0 ],
					"e1[13]" : [ 21.0 ],
					"f1[13]" : [ 15.0 ],
					"g1[13]" : [ 0 ],
					"h1[13]" : [ 11 ],
					"a1[12]" : [ "Type_Module_Name_Here_12" ],
					"b1[12]" : [ 12 ],
					"c1[12]" : [ 2 ],
					"d1[12]" : [ 22.0 ],
					"e1[12]" : [ 23.0 ],
					"f1[12]" : [ 16.0 ],
					"g1[12]" : [ 1 ],
					"h1[12]" : [ 12 ],
					"a1[11]" : [ "Type_Module_Name_Here_13" ],
					"b1[11]" : [ 13 ],
					"c1[11]" : [ 1 ],
					"d1[11]" : [ 24.0 ],
					"e1[11]" : [ 25.0 ],
					"f1[11]" : [ 13.0 ],
					"g1[11]" : [ 0 ],
					"h1[11]" : [ 13 ],
					"a1[10]" : [ "Type_Module_Name_Here_14" ],
					"b1[10]" : [ 14 ],
					"c1[10]" : [ 2 ],
					"d1[10]" : [ 26.0 ],
					"e1[10]" : [ 27.0 ],
					"f1[10]" : [ 14.0 ],
					"g1[10]" : [ 1 ],
					"h1[10]" : [ 14 ],
					"a1[9]" : [ "Type_Module_Name_Here_15" ],
					"b1[9]" : [ 15 ],
					"c1[9]" : [ 0 ],
					"d1[9]" : [ 28.0 ],
					"e1[9]" : [ 29.0 ],
					"f1[9]" : [ 15.0 ],
					"g1[9]" : [ 0 ],
					"h1[9]" : [ 15 ],
					"a1[8]" : [ "Type_Module_Name_Here_16" ],
					"b1[8]" : [ 16 ],
					"c1[8]" : [ 1 ],
					"d1[8]" : [ 30.0 ],
					"e1[8]" : [ 31.0 ],
					"f1[8]" : [ 16.0 ],
					"g1[8]" : [ 1 ],
					"h1[8]" : [ 16 ],
					"a1[31]" : [ "Type_Module_Name_Here_17" ],
					"b1[31]" : [ 17 ],
					"c1[31]" : [ 2 ],
					"d1[31]" : [ 32.0 ],
					"e1[31]" : [ 33.0 ],
					"f1[31]" : [ 13.0 ],
					"g1[31]" : [ 0 ],
					"h1[31]" : [ 17 ],
					"a1[30]" : [ "Type_Module_Name_Here_18" ],
					"b1[30]" : [ 18 ],
					"c1[30]" : [ 0 ],
					"d1[30]" : [ 34.0 ],
					"e1[30]" : [ 35.0 ],
					"f1[30]" : [ 14.0 ],
					"g1[30]" : [ 1 ],
					"h1[30]" : [ 18 ],
					"a1[29]" : [ "Type_Module_Name_Here_19" ],
					"b1[29]" : [ 19 ],
					"c1[29]" : [ 1 ],
					"d1[29]" : [ 36.0 ],
					"e1[29]" : [ 37.0 ],
					"f1[29]" : [ 15.0 ],
					"g1[29]" : [ 0 ],
					"h1[29]" : [ 19 ],
					"a1[28]" : [ "Type_Module_Name_Here_20" ],
					"b1[28]" : [ 20 ],
					"c1[28]" : [ 2 ],
					"d1[28]" : [ 38.0 ],
					"e1[28]" : [ 39.0 ],
					"f1[28]" : [ 16.0 ],
					"g1[28]" : [ 1 ],
					"h1[28]" : [ 20 ],
					"a1[27]" : [ "Type_Module_Name_Here_21" ],
					"b1[27]" : [ 21 ],
					"c1[27]" : [ 0 ],
					"d1[27]" : [ 40.0 ],
					"e1[27]" : [ 41.0 ],
					"f1[27]" : [ 13.0 ],
					"g1[27]" : [ 0 ],
					"h1[27]" : [ 21 ],
					"a1[26]" : [ "Type_Module_Name_Here_22" ],
					"b1[26]" : [ 22 ],
					"c1[26]" : [ 1 ],
					"d1[26]" : [ 42.0 ],
					"e1[26]" : [ 43.0 ],
					"f1[26]" : [ 14.0 ],
					"g1[26]" : [ 1 ],
					"h1[26]" : [ 22 ],
					"a1[25]" : [ "Type_Module_Name_Here_23" ],
					"b1[25]" : [ 23 ],
					"c1[25]" : [ 2 ],
					"d1[25]" : [ 44.0 ],
					"e1[25]" : [ 45.0 ],
					"f1[25]" : [ 15.0 ],
					"g1[25]" : [ 0 ],
					"h1[25]" : [ 23 ],
					"a1[24]" : [ "Type_Module_Name_Here_24" ],
					"b1[24]" : [ 24 ],
					"c1[24]" : [ 0 ],
					"d1[24]" : [ 46.0 ],
					"e1[24]" : [ 47.0 ],
					"f1[24]" : [ 16.0 ],
					"g1[24]" : [ 1 ],
					"h1[24]" : [ 24 ],
					"a1[23]" : [ "Type_Module_Name_Here_25" ],
					"b1[23]" : [ 25 ],
					"c1[23]" : [ 1 ],
					"d1[23]" : [ 48.0 ],
					"e1[23]" : [ 49.0 ],
					"f1[23]" : [ 13.0 ],
					"g1[23]" : [ 0 ],
					"h1[23]" : [ 25 ],
					"a1[22]" : [ "Type_Module_Name_Here_26" ],
					"b1[22]" : [ 26 ],
					"c1[22]" : [ 2 ],
					"d1[22]" : [ 50.0 ],
					"e1[22]" : [ 51.0 ],
					"f1[22]" : [ 14.0 ],
					"g1[22]" : [ 1 ],
					"h1[22]" : [ 26 ],
					"a1[21]" : [ "Type_Module_Name_Here_27" ],
					"b1[21]" : [ 27 ],
					"c1[21]" : [ 0 ],
					"d1[21]" : [ 52.0 ],
					"e1[21]" : [ 53.0 ],
					"f1[21]" : [ 15.0 ],
					"g1[21]" : [ 0 ],
					"h1[21]" : [ 27 ],
					"a1[20]" : [ "Type_Module_Name_Here_28" ],
					"b1[20]" : [ 28 ],
					"c1[20]" : [ 1 ],
					"d1[20]" : [ 54.0 ],
					"e1[20]" : [ 55.0 ],
					"f1[20]" : [ 16.0 ],
					"g1[20]" : [ 1 ],
					"h1[20]" : [ 28 ],
					"a1[19]" : [ "Type_Module_Name_Here_29" ],
					"b1[19]" : [ 29 ],
					"c1[19]" : [ 2 ],
					"d1[19]" : [ 56.0 ],
					"e1[19]" : [ 57.0 ],
					"f1[19]" : [ 13.0 ],
					"g1[19]" : [ 0 ],
					"h1[19]" : [ 29 ],
					"a1[18]" : [ "Type_Module_Name_Here_30" ],
					"b1[18]" : [ 30 ],
					"c1[18]" : [ 0 ],
					"d1[18]" : [ 58.0 ],
					"e1[18]" : [ 59.0 ],
					"f1[18]" : [ 14.0 ],
					"g1[18]" : [ 1 ],
					"h1[18]" : [ 30 ],
					"a1[17]" : [ "Type_Module_Name_Here_31" ],
					"b1[17]" : [ 31 ],
					"c1[17]" : [ 1 ],
					"d1[17]" : [ 60.0 ],
					"e1[17]" : [ 61.0 ],
					"f1[17]" : [ 15.0 ],
					"g1[17]" : [ 0 ],
					"h1[17]" : [ 31 ],
					"a1[16]" : [ "Type_Module_Name_Here_32" ],
					"b1[16]" : [ 32 ],
					"c1[16]" : [ 2 ],
					"d1[16]" : [ 62.0 ],
					"e1[16]" : [ 63.0 ],
					"f1[16]" : [ 16.0 ],
					"g1[16]" : [ 1 ],
					"h1[16]" : [ 32 ],
					"virtual_sliders::default_vsliders" : [ -1 ]
				}

			}
,
			"2" : 			{
				"id" : 2,
				"data" : 				{
					"d_name" : [ "nanoKEY KEYBOARD" ],
					"a1" : [ "a" ],
					"b1" : [ 32 ],
					"c1" : [ 0 ],
					"d1" : [ 64.0 ],
					"e1" : [ 65.0 ],
					"f1" : [ 6789.0 ],
					"g1" : [ 1 ],
					"h1" : [ 33 ],
					"a1[1]" : [ "b" ],
					"b1[1]" : [ 31 ],
					"c1[1]" : [ 1 ],
					"d1[1]" : [ 66.0 ],
					"e1[1]" : [ 67.0 ],
					"f1[1]" : [ 568.0 ],
					"g1[1]" : [ 0 ],
					"h1[1]" : [ 34 ],
					"a1[3]" : [ "c" ],
					"b1[3]" : [ 30 ],
					"c1[3]" : [ 2 ],
					"d1[3]" : [ 68.0 ],
					"e1[3]" : [ 69.0 ],
					"f1[3]" : [ 4567.0 ],
					"g1[3]" : [ 1 ],
					"h1[3]" : [ 35 ],
					"a1[2]" : [ "d" ],
					"b1[2]" : [ 29 ],
					"c1[2]" : [ 0 ],
					"d1[2]" : [ 70.0 ],
					"e1[2]" : [ 71.0 ],
					"f1[2]" : [ 3456.0 ],
					"g1[2]" : [ 0 ],
					"h1[2]" : [ 36 ],
					"a1[7]" : [ "e" ],
					"b1[7]" : [ 28 ],
					"c1[7]" : [ 1 ],
					"d1[7]" : [ 72.0 ],
					"e1[7]" : [ 73.0 ],
					"f1[7]" : [ 2345.0 ],
					"g1[7]" : [ 1 ],
					"h1[7]" : [ 37 ],
					"a1[6]" : [ "f" ],
					"b1[6]" : [ 27 ],
					"c1[6]" : [ 2 ],
					"d1[6]" : [ 74.0 ],
					"e1[6]" : [ 75.0 ],
					"f1[6]" : [ 1234.0 ],
					"g1[6]" : [ 0 ],
					"h1[6]" : [ 38 ],
					"a1[5]" : [ "g" ],
					"b1[5]" : [ 26 ],
					"c1[5]" : [ 0 ],
					"d1[5]" : [ 76.0 ],
					"e1[5]" : [ 77.0 ],
					"f1[5]" : [ 780.0 ],
					"g1[5]" : [ 1 ],
					"h1[5]" : [ 39 ],
					"a1[4]" : [ "h" ],
					"b1[4]" : [ 25 ],
					"c1[4]" : [ 1 ],
					"d1[4]" : [ 78.0 ],
					"e1[4]" : [ 79.0 ],
					"f1[4]" : [ 769.0 ],
					"g1[4]" : [ 0 ],
					"h1[4]" : [ 40 ],
					"a1[15]" : [ "i" ],
					"b1[15]" : [ 24 ],
					"c1[15]" : [ 2 ],
					"d1[15]" : [ 80.0 ],
					"e1[15]" : [ 81.0 ],
					"f1[15]" : [ 5678.0 ],
					"g1[15]" : [ 1 ],
					"h1[15]" : [ 41 ],
					"a1[14]" : [ "j" ],
					"b1[14]" : [ 23 ],
					"c1[14]" : [ 0 ],
					"d1[14]" : [ 82.0 ],
					"e1[14]" : [ 83.0 ],
					"f1[14]" : [ 4567.0 ],
					"g1[14]" : [ 0 ],
					"h1[14]" : [ 42 ],
					"a1[13]" : [ "k" ],
					"b1[13]" : [ 22 ],
					"c1[13]" : [ 1 ],
					"d1[13]" : [ 84.0 ],
					"e1[13]" : [ 85.0 ],
					"f1[13]" : [ 3456.0 ],
					"g1[13]" : [ 1 ],
					"h1[13]" : [ 43 ],
					"a1[12]" : [ "l" ],
					"b1[12]" : [ 21 ],
					"c1[12]" : [ 2 ],
					"d1[12]" : [ 86.0 ],
					"e1[12]" : [ 87.0 ],
					"f1[12]" : [ 235.0 ],
					"g1[12]" : [ 0 ],
					"h1[12]" : [ 44 ],
					"a1[11]" : [ "m" ],
					"b1[11]" : [ 20 ],
					"c1[11]" : [ 0 ],
					"d1[11]" : [ 88.0 ],
					"e1[11]" : [ 89.0 ],
					"f1[11]" : [ 1234.0 ],
					"g1[11]" : [ 1 ],
					"h1[11]" : [ 45 ],
					"a1[10]" : [ "n" ],
					"b1[10]" : [ 19 ],
					"c1[10]" : [ 1 ],
					"d1[10]" : [ 90.0 ],
					"e1[10]" : [ 91.0 ],
					"f1[10]" : [ 7890.0 ],
					"g1[10]" : [ 0 ],
					"h1[10]" : [ 46 ],
					"a1[9]" : [ "o" ],
					"b1[9]" : [ 18 ],
					"c1[9]" : [ 2 ],
					"d1[9]" : [ 92.0 ],
					"e1[9]" : [ 93.0 ],
					"f1[9]" : [ 6789.0 ],
					"g1[9]" : [ 1 ],
					"h1[9]" : [ 47 ],
					"a1[8]" : [ "p" ],
					"b1[8]" : [ 17 ],
					"c1[8]" : [ 0 ],
					"d1[8]" : [ 94.0 ],
					"e1[8]" : [ 95.0 ],
					"f1[8]" : [ 5678.0 ],
					"g1[8]" : [ 0 ],
					"h1[8]" : [ 48 ],
					"a1[31]" : [ "q" ],
					"b1[31]" : [ 16 ],
					"c1[31]" : [ 1 ],
					"d1[31]" : [ 96.0 ],
					"e1[31]" : [ 97.0 ],
					"f1[31]" : [ 4567.0 ],
					"g1[31]" : [ 1 ],
					"h1[31]" : [ 49 ],
					"a1[30]" : [ "r" ],
					"b1[30]" : [ 15 ],
					"c1[30]" : [ 2 ],
					"d1[30]" : [ 98.0 ],
					"e1[30]" : [ 99.0 ],
					"f1[30]" : [ 3456.0 ],
					"g1[30]" : [ 0 ],
					"h1[30]" : [ 50 ],
					"a1[29]" : [ "s" ],
					"b1[29]" : [ 14 ],
					"c1[29]" : [ 0 ],
					"d1[29]" : [ 100.0 ],
					"e1[29]" : [ 101.0 ],
					"f1[29]" : [ 2345.0 ],
					"g1[29]" : [ 1 ],
					"h1[29]" : [ 51 ],
					"a1[28]" : [ "t" ],
					"b1[28]" : [ 13 ],
					"c1[28]" : [ 1 ],
					"d1[28]" : [ 102.0 ],
					"e1[28]" : [ 103.0 ],
					"f1[28]" : [ 1234.0 ],
					"g1[28]" : [ 0 ],
					"h1[28]" : [ 52 ],
					"a1[27]" : [ "u" ],
					"b1[27]" : [ 12 ],
					"c1[27]" : [ 2 ],
					"d1[27]" : [ 104.0 ],
					"e1[27]" : [ 5.0 ],
					"f1[27]" : [ 6.0 ],
					"g1[27]" : [ 1 ],
					"h1[27]" : [ 53 ],
					"a1[26]" : [ "v" ],
					"b1[26]" : [ 11 ],
					"c1[26]" : [ 0 ],
					"d1[26]" : [  ],
					"e1[26]" : [ 7.0 ],
					"f1[26]" : [ 8.0 ],
					"g1[26]" : [ 0 ],
					"h1[26]" : [ 54 ],
					"a1[25]" : [ "w" ],
					"b1[25]" : [ 10 ],
					"c1[25]" : [ 1 ],
					"d1[25]" : [  ],
					"e1[25]" : [ 9.0 ],
					"f1[25]" : [ 10.0 ],
					"g1[25]" : [ 1 ],
					"h1[25]" : [ 55 ],
					"a1[24]" : [ "x" ],
					"b1[24]" : [ 9 ],
					"c1[24]" : [  ],
					"d1[24]" : [  ],
					"e1[24]" : [ 11.0 ],
					"f1[24]" : [ 12.0 ],
					"g1[24]" : [ 0 ],
					"h1[24]" : [ 56 ],
					"a1[23]" : [ "y" ],
					"b1[23]" : [ 8 ],
					"c1[23]" : [ 2 ],
					"d1[23]" : [  ],
					"e1[23]" : [ 13.0 ],
					"f1[23]" : [ 14.0 ],
					"g1[23]" : [ 1 ],
					"h1[23]" : [ 57 ],
					"a1[22]" : [ "z" ],
					"b1[22]" : [ 7 ],
					"c1[22]" : [ 0 ],
					"d1[22]" : [  ],
					"e1[22]" : [ 15.0 ],
					"f1[22]" : [ 16.0 ],
					"g1[22]" : [ 0 ],
					"h1[22]" : [ 58 ],
					"a1[21]" : [ "Aa" ],
					"b1[21]" : [ 6 ],
					"c1[21]" : [ 1 ],
					"d1[21]" : [  ],
					"e1[21]" : [ 17.0 ],
					"f1[21]" : [ 18.0 ],
					"g1[21]" : [ 1 ],
					"h1[21]" : [ 59 ],
					"a1[20]" : [ "Bb" ],
					"b1[20]" : [ 5 ],
					"c1[20]" : [ 2 ],
					"d1[20]" : [  ],
					"e1[20]" : [ 19.0 ],
					"f1[20]" : [ 20.0 ],
					"g1[20]" : [ 0 ],
					"h1[20]" : [ 60 ],
					"a1[19]" : [ "Cc" ],
					"b1[19]" : [ 4 ],
					"c1[19]" : [ 0 ],
					"d1[19]" : [ 21.0 ],
					"e1[19]" : [ 123.0 ],
					"f1[19]" : [ 123.0 ],
					"g1[19]" : [ 1 ],
					"h1[19]" : [ 61 ],
					"a1[18]" : [ "Dd" ],
					"b1[18]" : [ 3 ],
					"c1[18]" : [ 1 ],
					"d1[18]" : [ 123.0 ],
					"e1[18]" : [ 123.0 ],
					"f1[18]" : [ 234.0 ],
					"g1[18]" : [ 0 ],
					"h1[18]" : [ 62 ],
					"a1[17]" : [ "Ee" ],
					"b1[17]" : [ 2 ],
					"c1[17]" : [ 2 ],
					"d1[17]" : [ 3454.0 ],
					"e1[17]" : [ 567.0 ],
					"f1[17]" : [ 678.0 ],
					"g1[17]" : [ 1 ],
					"h1[17]" : [ 63 ],
					"a1[16]" : [ "Ff" ],
					"b1[16]" : [ 1 ],
					"c1[16]" : [ 0 ],
					"d1[16]" : [ 234.0 ],
					"e1[16]" : [ 345.0 ],
					"f1[16]" : [ 456.0 ],
					"g1[16]" : [ 0 ],
					"h1[16]" : [ 64 ],
					"virtual_sliders::default_vsliders" : [  ]
				}

			}
,
			"3" : 			{
				"id" : 3,
				"data" : 				{
					"d_name" : [ "USB Oxygen 8 v2" ],
					"a1" : [ "Additive803" ],
					"b1" : [ 3 ],
					"c1" : [ 0 ],
					"d1" : [ 0.0 ],
					"e1" : [ 0.3 ],
					"f1" : [ 0.01 ],
					"g1" : [ 0 ],
					"h1" : [ 16 ],
					"a1[1]" : [ "Hub117" ],
					"b1[1]" : [ 2 ],
					"c1[1]" : [ 0 ],
					"d1[1]" : [ 0.0 ],
					"e1[1]" : [ 2.0 ],
					"f1[1]" : [ 0.01 ],
					"g1[1]" : [ 0 ],
					"h1[1]" : [ 17 ],
					"a1[3]" : [ "Hub117" ],
					"b1[3]" : [ 4 ],
					"c1[3]" : [ 0 ],
					"d1[3]" : [ 0.0 ],
					"e1[3]" : [ 2.0 ],
					"f1[3]" : [ 0.01 ],
					"g1[3]" : [ 0 ],
					"h1[3]" : [ 18 ],
					"a1[2]" : [ "EZFile285" ],
					"b1[2]" : [ 2 ],
					"c1[2]" : [ 0 ],
					"d1[2]" : [ 0.0 ],
					"e1[2]" : [ 2.0 ],
					"f1[2]" : [ 0.01 ],
					"g1[2]" : [ 0 ],
					"h1[2]" : [ 19 ],
					"a1[7]" : [ "Vocoder860" ],
					"b1[7]" : [ 3 ],
					"c1[7]" : [ 0 ],
					"d1[7]" : [ 0.0 ],
					"e1[7]" : [ 2.0 ],
					"f1[7]" : [ 0.01 ],
					"g1[7]" : [ 0 ],
					"h1[7]" : [ 1 ],
					"a1[6]" : [ "Hub27" ],
					"b1[6]" : [ 4 ],
					"c1[6]" : [ 0 ],
					"d1[6]" : [ 0.0 ],
					"e1[6]" : [ 2.0 ],
					"f1[6]" : [ 0.0 ],
					"g1[6]" : [ 0 ],
					"h1[6]" : [ 2 ],
					"a1[5]" : [ "Hub27" ],
					"b1[5]" : [ 6 ],
					"c1[5]" : [ 0 ],
					"d1[5]" : [ 0.0 ],
					"e1[5]" : [ 0.3 ],
					"f1[5]" : [ 0.0 ],
					"g1[5]" : [ 0 ],
					"h1[5]" : [ 12 ],
					"a1[4]" : [ "Hub27" ],
					"b1[4]" : [ 8 ],
					"c1[4]" : [ 0 ],
					"d1[4]" : [ 0.0 ],
					"e1[4]" : [ 1.75 ],
					"f1[4]" : [ 0.0 ],
					"g1[4]" : [ 0 ],
					"h1[4]" : [ 13 ],
					"a1[15]" : [ "Type_Module_Name_Here_9" ],
					"b1[15]" : [ 9 ],
					"c1[15]" : [ 0 ],
					"d1[15]" : [ 16.0 ],
					"e1[15]" : [ 17.0 ],
					"f1[15]" : [ 13.0 ],
					"g1[15]" : [ 0 ],
					"h1[15]" : [ 9 ],
					"a1[14]" : [ "Type_Module_Name_Here_10" ],
					"b1[14]" : [ 10 ],
					"c1[14]" : [ 1 ],
					"d1[14]" : [ 18.0 ],
					"e1[14]" : [ 19.0 ],
					"f1[14]" : [ 14.0 ],
					"g1[14]" : [ 1 ],
					"h1[14]" : [ 10 ],
					"a1[13]" : [ "Type_Module_Name_Here_11" ],
					"b1[13]" : [ 11 ],
					"c1[13]" : [ 2 ],
					"d1[13]" : [ 20.0 ],
					"e1[13]" : [ 21.0 ],
					"f1[13]" : [ 15.0 ],
					"g1[13]" : [ 0 ],
					"h1[13]" : [ 11 ],
					"a1[12]" : [ "Type_Module_Name_Here_12" ],
					"b1[12]" : [ 12 ],
					"c1[12]" : [ 2 ],
					"d1[12]" : [ 22.0 ],
					"e1[12]" : [ 23.0 ],
					"f1[12]" : [ 16.0 ],
					"g1[12]" : [ 1 ],
					"h1[12]" : [ 12 ],
					"a1[11]" : [ "Type_Module_Name_Here_13" ],
					"b1[11]" : [ 13 ],
					"c1[11]" : [ 1 ],
					"d1[11]" : [ 24.0 ],
					"e1[11]" : [ 25.0 ],
					"f1[11]" : [ 13.0 ],
					"g1[11]" : [ 0 ],
					"h1[11]" : [ 13 ],
					"a1[10]" : [ "Type_Module_Name_Here_14" ],
					"b1[10]" : [ 14 ],
					"c1[10]" : [ 2 ],
					"d1[10]" : [ 26.0 ],
					"e1[10]" : [ 27.0 ],
					"f1[10]" : [ 14.0 ],
					"g1[10]" : [ 1 ],
					"h1[10]" : [ 14 ],
					"a1[9]" : [ "Type_Module_Name_Here_15" ],
					"b1[9]" : [ 15 ],
					"c1[9]" : [ 0 ],
					"d1[9]" : [ 28.0 ],
					"e1[9]" : [ 29.0 ],
					"f1[9]" : [ 15.0 ],
					"g1[9]" : [ 0 ],
					"h1[9]" : [ 15 ],
					"a1[8]" : [ "Type_Module_Name_Here_16" ],
					"b1[8]" : [ 16 ],
					"c1[8]" : [ 1 ],
					"d1[8]" : [ 30.0 ],
					"e1[8]" : [ 31.0 ],
					"f1[8]" : [ 16.0 ],
					"g1[8]" : [ 1 ],
					"h1[8]" : [ 16 ],
					"a1[31]" : [ "Type_Module_Name_Here_17" ],
					"b1[31]" : [ 17 ],
					"c1[31]" : [ 2 ],
					"d1[31]" : [ 32.0 ],
					"e1[31]" : [ 33.0 ],
					"f1[31]" : [ 13.0 ],
					"g1[31]" : [ 0 ],
					"h1[31]" : [ 17 ],
					"a1[30]" : [ "Type_Module_Name_Here_18" ],
					"b1[30]" : [ 18 ],
					"c1[30]" : [ 0 ],
					"d1[30]" : [ 34.0 ],
					"e1[30]" : [ 35.0 ],
					"f1[30]" : [ 14.0 ],
					"g1[30]" : [ 1 ],
					"h1[30]" : [ 18 ],
					"a1[29]" : [ "Type_Module_Name_Here_19" ],
					"b1[29]" : [ 19 ],
					"c1[29]" : [ 1 ],
					"d1[29]" : [ 36.0 ],
					"e1[29]" : [ 37.0 ],
					"f1[29]" : [ 15.0 ],
					"g1[29]" : [ 0 ],
					"h1[29]" : [ 19 ],
					"a1[28]" : [ "Type_Module_Name_Here_20" ],
					"b1[28]" : [ 20 ],
					"c1[28]" : [ 2 ],
					"d1[28]" : [ 38.0 ],
					"e1[28]" : [ 39.0 ],
					"f1[28]" : [ 16.0 ],
					"g1[28]" : [ 1 ],
					"h1[28]" : [ 20 ],
					"a1[27]" : [ "Type_Module_Name_Here_21" ],
					"b1[27]" : [ 21 ],
					"c1[27]" : [ 0 ],
					"d1[27]" : [ 40.0 ],
					"e1[27]" : [ 41.0 ],
					"f1[27]" : [ 13.0 ],
					"g1[27]" : [ 0 ],
					"h1[27]" : [ 21 ],
					"a1[26]" : [ "Type_Module_Name_Here_22" ],
					"b1[26]" : [ 22 ],
					"c1[26]" : [ 1 ],
					"d1[26]" : [ 42.0 ],
					"e1[26]" : [ 43.0 ],
					"f1[26]" : [ 14.0 ],
					"g1[26]" : [ 1 ],
					"h1[26]" : [ 22 ],
					"a1[25]" : [ "Type_Module_Name_Here_23" ],
					"b1[25]" : [ 23 ],
					"c1[25]" : [ 2 ],
					"d1[25]" : [ 44.0 ],
					"e1[25]" : [ 45.0 ],
					"f1[25]" : [ 15.0 ],
					"g1[25]" : [ 0 ],
					"h1[25]" : [ 23 ],
					"a1[24]" : [ "Type_Module_Name_Here_24" ],
					"b1[24]" : [ 24 ],
					"c1[24]" : [ 0 ],
					"d1[24]" : [ 46.0 ],
					"e1[24]" : [ 47.0 ],
					"f1[24]" : [ 16.0 ],
					"g1[24]" : [ 1 ],
					"h1[24]" : [ 24 ],
					"a1[23]" : [ "Type_Module_Name_Here_25" ],
					"b1[23]" : [ 25 ],
					"c1[23]" : [ 1 ],
					"d1[23]" : [ 48.0 ],
					"e1[23]" : [ 49.0 ],
					"f1[23]" : [ 13.0 ],
					"g1[23]" : [ 0 ],
					"h1[23]" : [ 25 ],
					"a1[22]" : [ "Type_Module_Name_Here_26" ],
					"b1[22]" : [ 26 ],
					"c1[22]" : [ 2 ],
					"d1[22]" : [ 50.0 ],
					"e1[22]" : [ 51.0 ],
					"f1[22]" : [ 14.0 ],
					"g1[22]" : [ 1 ],
					"h1[22]" : [ 26 ],
					"a1[21]" : [ "Type_Module_Name_Here_27" ],
					"b1[21]" : [ 27 ],
					"c1[21]" : [ 0 ],
					"d1[21]" : [ 52.0 ],
					"e1[21]" : [ 53.0 ],
					"f1[21]" : [ 15.0 ],
					"g1[21]" : [ 0 ],
					"h1[21]" : [ 27 ],
					"a1[20]" : [ "Type_Module_Name_Here_28" ],
					"b1[20]" : [ 28 ],
					"c1[20]" : [ 1 ],
					"d1[20]" : [ 54.0 ],
					"e1[20]" : [ 55.0 ],
					"f1[20]" : [ 16.0 ],
					"g1[20]" : [ 1 ],
					"h1[20]" : [ 28 ],
					"a1[19]" : [ "Type_Module_Name_Here_29" ],
					"b1[19]" : [ 29 ],
					"c1[19]" : [ 2 ],
					"d1[19]" : [ 56.0 ],
					"e1[19]" : [ 57.0 ],
					"f1[19]" : [ 13.0 ],
					"g1[19]" : [ 0 ],
					"h1[19]" : [ 29 ],
					"a1[18]" : [ "Type_Module_Name_Here_30" ],
					"b1[18]" : [ 30 ],
					"c1[18]" : [ 0 ],
					"d1[18]" : [ 58.0 ],
					"e1[18]" : [ 59.0 ],
					"f1[18]" : [ 14.0 ],
					"g1[18]" : [ 1 ],
					"h1[18]" : [ 30 ],
					"a1[17]" : [ "Type_Module_Name_Here_31" ],
					"b1[17]" : [ 31 ],
					"c1[17]" : [ 1 ],
					"d1[17]" : [ 60.0 ],
					"e1[17]" : [ 61.0 ],
					"f1[17]" : [ 15.0 ],
					"g1[17]" : [ 0 ],
					"h1[17]" : [ 31 ],
					"a1[16]" : [ "Type_Module_Name_Here_32" ],
					"b1[16]" : [ 32 ],
					"c1[16]" : [ 2 ],
					"d1[16]" : [ 62.0 ],
					"e1[16]" : [ 63.0 ],
					"f1[16]" : [ 16.0 ],
					"g1[16]" : [ 1 ],
					"h1[16]" : [ 32 ],
					"virtual_sliders::default_vsliders" : [  ]
				}

			}
,
			"4" : 			{
				"id" : 4,
				"data" : 				{
					"d_name" : [ "nanoKEY KEYBOARD" ],
					"a1" : [ "Shift1" ],
					"b1" : [ 4 ],
					"c1" : [ 0 ],
					"d1" : [ -12.0 ],
					"e1" : [ 12.0 ],
					"f1" : [ 0.01 ],
					"g1" : [ 0 ],
					"h1" : [ 1 ],
					"a1[1]" : [ "Type_Module_Name_Here_2" ],
					"b1[1]" : [ 2 ],
					"c1[1]" : [ 2 ],
					"d1[1]" : [ 2.0 ],
					"e1[1]" : [ 3.0 ],
					"f1[1]" : [ 14.0 ],
					"g1[1]" : [ 1 ],
					"h1[1]" : [ 2 ],
					"a1[3]" : [ "Type_Module_Name_Here_3" ],
					"b1[3]" : [ 3 ],
					"c1[3]" : [ 0 ],
					"d1[3]" : [ 4.0 ],
					"e1[3]" : [ 5.0 ],
					"f1[3]" : [ 15.0 ],
					"g1[3]" : [ 0 ],
					"h1[3]" : [ 3 ],
					"a1[2]" : [ "Type_Module_Name_Here_4" ],
					"b1[2]" : [ 4 ],
					"c1[2]" : [ 1 ],
					"d1[2]" : [ 6.0 ],
					"e1[2]" : [ 7.0 ],
					"f1[2]" : [ 16.0 ],
					"g1[2]" : [ 1 ],
					"h1[2]" : [ 4 ],
					"a1[7]" : [ "Type_Module_Name_Here_5" ],
					"b1[7]" : [ 5 ],
					"c1[7]" : [ 2 ],
					"d1[7]" : [ 8.0 ],
					"e1[7]" : [ 9.0 ],
					"f1[7]" : [ 13.0 ],
					"g1[7]" : [ 0 ],
					"h1[7]" : [ 5 ],
					"a1[6]" : [ "Type_Module_Name_Here_6" ],
					"b1[6]" : [ 6 ],
					"c1[6]" : [ 0 ],
					"d1[6]" : [ 10.0 ],
					"e1[6]" : [ 11.0 ],
					"f1[6]" : [ 14.0 ],
					"g1[6]" : [ 1 ],
					"h1[6]" : [ 6 ],
					"a1[5]" : [ "Type_Module_Name_Here_7" ],
					"b1[5]" : [ 7 ],
					"c1[5]" : [ 1 ],
					"d1[5]" : [ 12.0 ],
					"e1[5]" : [ 13.0 ],
					"f1[5]" : [ 15.0 ],
					"g1[5]" : [ 0 ],
					"h1[5]" : [ 7 ],
					"a1[4]" : [ "Type_Module_Name_Here_8" ],
					"b1[4]" : [ 8 ],
					"c1[4]" : [ 2 ],
					"d1[4]" : [ 14.0 ],
					"e1[4]" : [ 15.0 ],
					"f1[4]" : [ 16.0 ],
					"g1[4]" : [ 1 ],
					"h1[4]" : [ 8 ],
					"a1[15]" : [ "Type_Module_Name_Here_9" ],
					"b1[15]" : [ 9 ],
					"c1[15]" : [ 0 ],
					"d1[15]" : [ 16.0 ],
					"e1[15]" : [ 17.0 ],
					"f1[15]" : [ 13.0 ],
					"g1[15]" : [ 0 ],
					"h1[15]" : [ 9 ],
					"a1[14]" : [ "Type_Module_Name_Here_10" ],
					"b1[14]" : [ 10 ],
					"c1[14]" : [ 1 ],
					"d1[14]" : [ 18.0 ],
					"e1[14]" : [ 19.0 ],
					"f1[14]" : [ 14.0 ],
					"g1[14]" : [ 1 ],
					"h1[14]" : [ 10 ],
					"a1[13]" : [ "Type_Module_Name_Here_11" ],
					"b1[13]" : [ 11 ],
					"c1[13]" : [ 2 ],
					"d1[13]" : [ 20.0 ],
					"e1[13]" : [ 21.0 ],
					"f1[13]" : [ 15.0 ],
					"g1[13]" : [ 0 ],
					"h1[13]" : [ 11 ],
					"a1[12]" : [ "Type_Module_Name_Here_12" ],
					"b1[12]" : [ 12 ],
					"c1[12]" : [ 2 ],
					"d1[12]" : [ 22.0 ],
					"e1[12]" : [ 23.0 ],
					"f1[12]" : [ 16.0 ],
					"g1[12]" : [ 1 ],
					"h1[12]" : [ 12 ],
					"a1[11]" : [ "Type_Module_Name_Here_13" ],
					"b1[11]" : [ 13 ],
					"c1[11]" : [ 1 ],
					"d1[11]" : [ 24.0 ],
					"e1[11]" : [ 25.0 ],
					"f1[11]" : [ 13.0 ],
					"g1[11]" : [ 0 ],
					"h1[11]" : [ 13 ],
					"a1[10]" : [ "Type_Module_Name_Here_14" ],
					"b1[10]" : [ 14 ],
					"c1[10]" : [ 2 ],
					"d1[10]" : [ 26.0 ],
					"e1[10]" : [ 27.0 ],
					"f1[10]" : [ 14.0 ],
					"g1[10]" : [ 1 ],
					"h1[10]" : [ 14 ],
					"a1[9]" : [ "Type_Module_Name_Here_15" ],
					"b1[9]" : [ 15 ],
					"c1[9]" : [ 0 ],
					"d1[9]" : [ 28.0 ],
					"e1[9]" : [ 29.0 ],
					"f1[9]" : [ 15.0 ],
					"g1[9]" : [ 0 ],
					"h1[9]" : [ 15 ],
					"a1[8]" : [ "Type_Module_Name_Here_16" ],
					"b1[8]" : [ 16 ],
					"c1[8]" : [ 1 ],
					"d1[8]" : [ 30.0 ],
					"e1[8]" : [ 31.0 ],
					"f1[8]" : [ 16.0 ],
					"g1[8]" : [ 1 ],
					"h1[8]" : [ 16 ],
					"a1[31]" : [ "Type_Module_Name_Here_17" ],
					"b1[31]" : [ 17 ],
					"c1[31]" : [ 2 ],
					"d1[31]" : [ 32.0 ],
					"e1[31]" : [ 33.0 ],
					"f1[31]" : [ 13.0 ],
					"g1[31]" : [ 0 ],
					"h1[31]" : [ 17 ],
					"a1[30]" : [ "Type_Module_Name_Here_18" ],
					"b1[30]" : [ 18 ],
					"c1[30]" : [ 0 ],
					"d1[30]" : [ 34.0 ],
					"e1[30]" : [ 35.0 ],
					"f1[30]" : [ 14.0 ],
					"g1[30]" : [ 1 ],
					"h1[30]" : [ 18 ],
					"a1[29]" : [ "Type_Module_Name_Here_19" ],
					"b1[29]" : [ 19 ],
					"c1[29]" : [ 1 ],
					"d1[29]" : [ 36.0 ],
					"e1[29]" : [ 37.0 ],
					"f1[29]" : [ 15.0 ],
					"g1[29]" : [ 0 ],
					"h1[29]" : [ 19 ],
					"a1[28]" : [ "Type_Module_Name_Here_20" ],
					"b1[28]" : [ 20 ],
					"c1[28]" : [ 2 ],
					"d1[28]" : [ 38.0 ],
					"e1[28]" : [ 39.0 ],
					"f1[28]" : [ 16.0 ],
					"g1[28]" : [ 1 ],
					"h1[28]" : [ 20 ],
					"a1[27]" : [ "Type_Module_Name_Here_21" ],
					"b1[27]" : [ 21 ],
					"c1[27]" : [ 0 ],
					"d1[27]" : [ 40.0 ],
					"e1[27]" : [ 41.0 ],
					"f1[27]" : [ 13.0 ],
					"g1[27]" : [ 0 ],
					"h1[27]" : [ 21 ],
					"a1[26]" : [ "Type_Module_Name_Here_22" ],
					"b1[26]" : [ 22 ],
					"c1[26]" : [ 1 ],
					"d1[26]" : [ 42.0 ],
					"e1[26]" : [ 43.0 ],
					"f1[26]" : [ 14.0 ],
					"g1[26]" : [ 1 ],
					"h1[26]" : [ 22 ],
					"a1[25]" : [ "Type_Module_Name_Here_23" ],
					"b1[25]" : [ 23 ],
					"c1[25]" : [ 2 ],
					"d1[25]" : [ 44.0 ],
					"e1[25]" : [ 45.0 ],
					"f1[25]" : [ 15.0 ],
					"g1[25]" : [ 0 ],
					"h1[25]" : [ 23 ],
					"a1[24]" : [ "Type_Module_Name_Here_24" ],
					"b1[24]" : [ 24 ],
					"c1[24]" : [ 0 ],
					"d1[24]" : [ 46.0 ],
					"e1[24]" : [ 47.0 ],
					"f1[24]" : [ 16.0 ],
					"g1[24]" : [ 1 ],
					"h1[24]" : [ 24 ],
					"a1[23]" : [ "Type_Module_Name_Here_25" ],
					"b1[23]" : [ 25 ],
					"c1[23]" : [ 1 ],
					"d1[23]" : [ 48.0 ],
					"e1[23]" : [ 49.0 ],
					"f1[23]" : [ 13.0 ],
					"g1[23]" : [ 0 ],
					"h1[23]" : [ 25 ],
					"a1[22]" : [ "Type_Module_Name_Here_26" ],
					"b1[22]" : [ 26 ],
					"c1[22]" : [ 2 ],
					"d1[22]" : [ 50.0 ],
					"e1[22]" : [ 51.0 ],
					"f1[22]" : [ 14.0 ],
					"g1[22]" : [ 1 ],
					"h1[22]" : [ 26 ],
					"a1[21]" : [ "Type_Module_Name_Here_27" ],
					"b1[21]" : [ 27 ],
					"c1[21]" : [ 0 ],
					"d1[21]" : [ 52.0 ],
					"e1[21]" : [ 53.0 ],
					"f1[21]" : [ 15.0 ],
					"g1[21]" : [ 0 ],
					"h1[21]" : [ 27 ],
					"a1[20]" : [ "Type_Module_Name_Here_28" ],
					"b1[20]" : [ 28 ],
					"c1[20]" : [ 1 ],
					"d1[20]" : [ 54.0 ],
					"e1[20]" : [ 55.0 ],
					"f1[20]" : [ 16.0 ],
					"g1[20]" : [ 1 ],
					"h1[20]" : [ 28 ],
					"a1[19]" : [ "Type_Module_Name_Here_29" ],
					"b1[19]" : [ 29 ],
					"c1[19]" : [ 2 ],
					"d1[19]" : [ 56.0 ],
					"e1[19]" : [ 57.0 ],
					"f1[19]" : [ 13.0 ],
					"g1[19]" : [ 0 ],
					"h1[19]" : [ 29 ],
					"a1[18]" : [ "Type_Module_Name_Here_30" ],
					"b1[18]" : [ 30 ],
					"c1[18]" : [ 0 ],
					"d1[18]" : [ 58.0 ],
					"e1[18]" : [ 59.0 ],
					"f1[18]" : [ 14.0 ],
					"g1[18]" : [ 1 ],
					"h1[18]" : [ 30 ],
					"a1[17]" : [ "Type_Module_Name_Here_31" ],
					"b1[17]" : [ 31 ],
					"c1[17]" : [ 1 ],
					"d1[17]" : [ 60.0 ],
					"e1[17]" : [ 61.0 ],
					"f1[17]" : [ 15.0 ],
					"g1[17]" : [ 0 ],
					"h1[17]" : [ 31 ],
					"a1[16]" : [ "Type_Module_Name_Here_32" ],
					"b1[16]" : [ 32 ],
					"c1[16]" : [ 2 ],
					"d1[16]" : [ 62.0 ],
					"e1[16]" : [ 63.0 ],
					"f1[16]" : [ 16.0 ],
					"g1[16]" : [ 1 ],
					"h1[16]" : [ 32 ],
					"virtual_sliders::default_vsliders" : [ -1 ]
				}

			}
,
			"13" : 			{
				"id" : 13,
				"data" : 				{
					"d_name" : [ "nanoKEY KEYBOARD" ],
					"a1" : [ "Type_Module_Name_Here_1" ],
					"b1" : [ 1 ],
					"c1" : [ 1 ],
					"d1" : [ 0.0 ],
					"e1" : [ 1.0 ],
					"f1" : [ 13.0 ],
					"g1" : [ 1 ],
					"h1" : [ 60 ],
					"a1[1]" : [ "Type_Module_Name_Here_2" ],
					"b1[1]" : [ 2 ],
					"c1[1]" : [ 2 ],
					"d1[1]" : [ 2.0 ],
					"e1[1]" : [ 3.0 ],
					"f1[1]" : [ 14.0 ],
					"g1[1]" : [ 1 ],
					"h1[1]" : [ 2 ],
					"a1[3]" : [ "Type_Module_Name_Here_3" ],
					"b1[3]" : [ 3 ],
					"c1[3]" : [ 0 ],
					"d1[3]" : [ 4.0 ],
					"e1[3]" : [ 5.0 ],
					"f1[3]" : [ 15.0 ],
					"g1[3]" : [ 0 ],
					"h1[3]" : [ 3 ],
					"a1[2]" : [ "Type_Module_Name_Here_4" ],
					"b1[2]" : [ 4 ],
					"c1[2]" : [ 1 ],
					"d1[2]" : [ 6.0 ],
					"e1[2]" : [ 7.0 ],
					"f1[2]" : [ 16.0 ],
					"g1[2]" : [ 1 ],
					"h1[2]" : [ 4 ],
					"a1[7]" : [ "Type_Module_Name_Here_5" ],
					"b1[7]" : [ 5 ],
					"c1[7]" : [ 2 ],
					"d1[7]" : [ 8.0 ],
					"e1[7]" : [ 9.0 ],
					"f1[7]" : [ 13.0 ],
					"g1[7]" : [ 0 ],
					"h1[7]" : [ 5 ],
					"a1[6]" : [ "Type_Module_Name_Here_6" ],
					"b1[6]" : [ 6 ],
					"c1[6]" : [ 0 ],
					"d1[6]" : [ 10.0 ],
					"e1[6]" : [ 11.0 ],
					"f1[6]" : [ 14.0 ],
					"g1[6]" : [ 1 ],
					"h1[6]" : [ 6 ],
					"a1[5]" : [ "Type_Module_Name_Here_7" ],
					"b1[5]" : [ 7 ],
					"c1[5]" : [ 1 ],
					"d1[5]" : [ 12.0 ],
					"e1[5]" : [ 13.0 ],
					"f1[5]" : [ 15.0 ],
					"g1[5]" : [ 0 ],
					"h1[5]" : [ 7 ],
					"a1[4]" : [ "Type_Module_Name_Here_8" ],
					"b1[4]" : [ 8 ],
					"c1[4]" : [ 2 ],
					"d1[4]" : [ 14.0 ],
					"e1[4]" : [ 15.0 ],
					"f1[4]" : [ 16.0 ],
					"g1[4]" : [ 1 ],
					"h1[4]" : [ 8 ],
					"a1[15]" : [ "Type_Module_Name_Here_9" ],
					"b1[15]" : [ 9 ],
					"c1[15]" : [ 0 ],
					"d1[15]" : [ 16.0 ],
					"e1[15]" : [ 17.0 ],
					"f1[15]" : [ 13.0 ],
					"g1[15]" : [ 0 ],
					"h1[15]" : [ 9 ],
					"a1[14]" : [ "Type_Module_Name_Here_10" ],
					"b1[14]" : [ 10 ],
					"c1[14]" : [ 1 ],
					"d1[14]" : [ 18.0 ],
					"e1[14]" : [ 19.0 ],
					"f1[14]" : [ 14.0 ],
					"g1[14]" : [ 1 ],
					"h1[14]" : [ 10 ],
					"a1[13]" : [ "Type_Module_Name_Here_11" ],
					"b1[13]" : [ 11 ],
					"c1[13]" : [ 2 ],
					"d1[13]" : [ 20.0 ],
					"e1[13]" : [ 21.0 ],
					"f1[13]" : [ 15.0 ],
					"g1[13]" : [ 0 ],
					"h1[13]" : [ 11 ],
					"a1[12]" : [ "Type_Module_Name_Here_12" ],
					"b1[12]" : [ 12 ],
					"c1[12]" : [ 2 ],
					"d1[12]" : [ 22.0 ],
					"e1[12]" : [ 23.0 ],
					"f1[12]" : [ 16.0 ],
					"g1[12]" : [ 1 ],
					"h1[12]" : [ 12 ],
					"a1[11]" : [ "Type_Module_Name_Here_13" ],
					"b1[11]" : [ 13 ],
					"c1[11]" : [ 1 ],
					"d1[11]" : [ 24.0 ],
					"e1[11]" : [ 25.0 ],
					"f1[11]" : [ 13.0 ],
					"g1[11]" : [ 0 ],
					"h1[11]" : [ 13 ],
					"a1[10]" : [ "Type_Module_Name_Here_14" ],
					"b1[10]" : [ 14 ],
					"c1[10]" : [ 2 ],
					"d1[10]" : [ 26.0 ],
					"e1[10]" : [ 27.0 ],
					"f1[10]" : [ 14.0 ],
					"g1[10]" : [ 1 ],
					"h1[10]" : [ 14 ],
					"a1[9]" : [ "Type_Module_Name_Here_15" ],
					"b1[9]" : [ 15 ],
					"c1[9]" : [ 0 ],
					"d1[9]" : [ 28.0 ],
					"e1[9]" : [ 29.0 ],
					"f1[9]" : [ 15.0 ],
					"g1[9]" : [ 0 ],
					"h1[9]" : [ 15 ],
					"a1[8]" : [ "Type_Module_Name_Here_16" ],
					"b1[8]" : [ 16 ],
					"c1[8]" : [ 1 ],
					"d1[8]" : [ 30.0 ],
					"e1[8]" : [ 31.0 ],
					"f1[8]" : [ 16.0 ],
					"g1[8]" : [ 1 ],
					"h1[8]" : [ 16 ],
					"a1[31]" : [ "Type_Module_Name_Here_17" ],
					"b1[31]" : [ 17 ],
					"c1[31]" : [ 2 ],
					"d1[31]" : [ 32.0 ],
					"e1[31]" : [ 33.0 ],
					"f1[31]" : [ 13.0 ],
					"g1[31]" : [ 0 ],
					"h1[31]" : [ 17 ],
					"a1[30]" : [ "Type_Module_Name_Here_18" ],
					"b1[30]" : [ 18 ],
					"c1[30]" : [ 0 ],
					"d1[30]" : [ 34.0 ],
					"e1[30]" : [ 35.0 ],
					"f1[30]" : [ 14.0 ],
					"g1[30]" : [ 1 ],
					"h1[30]" : [ 18 ],
					"a1[29]" : [ "Type_Module_Name_Here_19" ],
					"b1[29]" : [ 19 ],
					"c1[29]" : [ 1 ],
					"d1[29]" : [ 36.0 ],
					"e1[29]" : [ 37.0 ],
					"f1[29]" : [ 15.0 ],
					"g1[29]" : [ 0 ],
					"h1[29]" : [ 19 ],
					"a1[28]" : [ "Type_Module_Name_Here_20" ],
					"b1[28]" : [ 20 ],
					"c1[28]" : [ 2 ],
					"d1[28]" : [ 38.0 ],
					"e1[28]" : [ 39.0 ],
					"f1[28]" : [ 16.0 ],
					"g1[28]" : [ 1 ],
					"h1[28]" : [ 20 ],
					"a1[27]" : [ "Type_Module_Name_Here_21" ],
					"b1[27]" : [ 21 ],
					"c1[27]" : [ 0 ],
					"d1[27]" : [ 40.0 ],
					"e1[27]" : [ 41.0 ],
					"f1[27]" : [ 13.0 ],
					"g1[27]" : [ 0 ],
					"h1[27]" : [ 21 ],
					"a1[26]" : [ "Type_Module_Name_Here_22" ],
					"b1[26]" : [ 22 ],
					"c1[26]" : [ 1 ],
					"d1[26]" : [ 42.0 ],
					"e1[26]" : [ 43.0 ],
					"f1[26]" : [ 14.0 ],
					"g1[26]" : [ 1 ],
					"h1[26]" : [ 22 ],
					"a1[25]" : [ "Type_Module_Name_Here_23" ],
					"b1[25]" : [ 23 ],
					"c1[25]" : [ 2 ],
					"d1[25]" : [ 44.0 ],
					"e1[25]" : [ 45.0 ],
					"f1[25]" : [ 15.0 ],
					"g1[25]" : [ 0 ],
					"h1[25]" : [ 23 ],
					"a1[24]" : [ "Type_Module_Name_Here_24" ],
					"b1[24]" : [ 24 ],
					"c1[24]" : [ 0 ],
					"d1[24]" : [ 46.0 ],
					"e1[24]" : [ 47.0 ],
					"f1[24]" : [ 16.0 ],
					"g1[24]" : [ 1 ],
					"h1[24]" : [ 24 ],
					"a1[23]" : [ "Type_Module_Name_Here_25" ],
					"b1[23]" : [ 25 ],
					"c1[23]" : [ 1 ],
					"d1[23]" : [ 48.0 ],
					"e1[23]" : [ 49.0 ],
					"f1[23]" : [ 13.0 ],
					"g1[23]" : [ 0 ],
					"h1[23]" : [ 25 ],
					"a1[22]" : [ "Type_Module_Name_Here_26" ],
					"b1[22]" : [ 26 ],
					"c1[22]" : [ 2 ],
					"d1[22]" : [ 50.0 ],
					"e1[22]" : [ 51.0 ],
					"f1[22]" : [ 14.0 ],
					"g1[22]" : [ 1 ],
					"h1[22]" : [ 26 ],
					"a1[21]" : [ "Type_Module_Name_Here_27" ],
					"b1[21]" : [ 27 ],
					"c1[21]" : [ 0 ],
					"d1[21]" : [ 52.0 ],
					"e1[21]" : [ 53.0 ],
					"f1[21]" : [ 15.0 ],
					"g1[21]" : [ 0 ],
					"h1[21]" : [ 27 ],
					"a1[20]" : [ "Type_Module_Name_Here_28" ],
					"b1[20]" : [ 28 ],
					"c1[20]" : [ 1 ],
					"d1[20]" : [ 54.0 ],
					"e1[20]" : [ 55.0 ],
					"f1[20]" : [ 16.0 ],
					"g1[20]" : [ 1 ],
					"h1[20]" : [ 28 ],
					"a1[19]" : [ "Type_Module_Name_Here_29" ],
					"b1[19]" : [ 29 ],
					"c1[19]" : [ 2 ],
					"d1[19]" : [ 56.0 ],
					"e1[19]" : [ 57.0 ],
					"f1[19]" : [ 13.0 ],
					"g1[19]" : [ 0 ],
					"h1[19]" : [ 29 ],
					"a1[18]" : [ "Type_Module_Name_Here_30" ],
					"b1[18]" : [ 30 ],
					"c1[18]" : [ 0 ],
					"d1[18]" : [ 58.0 ],
					"e1[18]" : [ 59.0 ],
					"f1[18]" : [ 14.0 ],
					"g1[18]" : [ 1 ],
					"h1[18]" : [ 30 ],
					"a1[17]" : [ "Type_Module_Name_Here_31" ],
					"b1[17]" : [ 31 ],
					"c1[17]" : [ 1 ],
					"d1[17]" : [ 60.0 ],
					"e1[17]" : [ 61.0 ],
					"f1[17]" : [ 15.0 ],
					"g1[17]" : [ 0 ],
					"h1[17]" : [ 31 ],
					"a1[16]" : [ "Type_Module_Name_Here_32" ],
					"b1[16]" : [ 32 ],
					"c1[16]" : [ 2 ],
					"d1[16]" : [ 62.0 ],
					"e1[16]" : [ 63.0 ],
					"f1[16]" : [ 16.0 ],
					"g1[16]" : [ 1 ],
					"h1[16]" : [ 32 ],
					"virtual_sliders::default_vsliders" : [  ]
				}

			}

		}

	}

}
