{
	"pattrstorage" : 	{
		"name" : "presets872414",
		"slots" : 		{
			"1" : 			{
				"id" : 1,
				"data" : 				{
					"out1a" : [ 0 ],
					"out1b" : [ 0 ],
					"out2a" : [ 0 ],
					"out2b" : [ 17 ],
					"ina" : [ 1 ],
					"inb" : [ 16 ],
					"freq" : [ 735.179199 ],
					"gain" : [ 0.5 ],
					"res" : [ 1.0 ],
					"ftype[1]" : [ 0 ],
					"vol." : [ 0.905512 ]
				}

			}
,
			"2" : 			{
				"id" : 2,
				"data" : 				{
					"out1a" : [ 0 ],
					"out1b" : [ 0 ],
					"out2a" : [ 0 ],
					"out2b" : [ 17 ],
					"ina" : [ 1 ],
					"inb" : [ 16 ],
					"freq" : [ 2495.226318 ],
					"gain" : [ 0.5 ],
					"res" : [ 1.0 ],
					"ftype[1]" : [ 1 ],
					"vol." : [ 0.905512 ]
				}

			}
,
			"3" : 			{
				"id" : 3,
				"data" : 				{
					"out1a" : [ 0 ],
					"out1b" : [ 0 ],
					"out2a" : [ 0 ],
					"out2b" : [ 17 ],
					"ina" : [ 1 ],
					"inb" : [ 16 ],
					"freq" : [ 698.537292 ],
					"gain" : [ 0.5 ],
					"res" : [ 1.0 ],
					"ftype[1]" : [ 2 ],
					"vol." : [ 0.905512 ]
				}

			}
,
			"4" : 			{
				"id" : 4,
				"data" : 				{
					"out1a" : [ 0 ],
					"out1b" : [ 0 ],
					"out2a" : [ 0 ],
					"out2b" : [ 17 ],
					"ina" : [ 1 ],
					"inb" : [ 16 ],
					"freq" : [ 378.476776 ],
					"gain" : [ 0.5 ],
					"res" : [ 1.0 ],
					"ftype[1]" : [ 4 ],
					"vol." : [ 0.905512 ]
				}

			}
,
			"5" : 			{
				"id" : 5,
				"data" : 				{
					"out1a" : [ 0 ],
					"out1b" : [ 0 ],
					"out2a" : [ 0 ],
					"out2b" : [ 17 ],
					"ina" : [ 1 ],
					"inb" : [ 16 ],
					"freq" : [ 1368.417236 ],
					"gain" : [ 1.641732 ],
					"res" : [ 1.0 ],
					"ftype[1]" : [ 5 ],
					"vol." : [ 1.03937 ]
				}

			}
,
			"6" : 			{
				"id" : 6,
				"data" : 				{
					"out1a" : [ 0 ],
					"out1b" : [ 0 ],
					"out2a" : [ 0 ],
					"out2b" : [ 17 ],
					"ina" : [ 1 ],
					"inb" : [ 16 ],
					"freq" : [ 292.695251 ],
					"gain" : [ 2.035433 ],
					"res" : [ 24.0 ],
					"ftype[1]" : [ 3 ],
					"vol." : [ 1.700787 ]
				}

			}

		}

	}

}
