{
	"pattrstorage" : 	{
		"name" : "presets326230",
		"slots" : 		{
			"1" : 			{
				"id" : 1,
				"data" : 				{
					"ina" : [ 1 ],
					"inb" : [ 16 ],
					"out1a" : [ 0 ],
					"out1b" : [ 0 ],
					"out2a" : [ 0 ],
					"out2b" : [ 17 ],
					"vol[1]" : [ 1.015748 ],
					"d_time" : [ 170.85582 ],
					"fback[1]" : [ 0.588583 ],
					"v_tog[1]" : [ 0 ],
					"v_rate[1]" : [ 0.0 ],
					"v_depth[1]" : [ 0.0 ],
					"t_sync[1]" : [ 0 ]
				}

			}
,
			"2" : 			{
				"id" : 2,
				"data" : 				{
					"ina" : [ 1 ],
					"inb" : [ 16 ],
					"out1a" : [ 0 ],
					"out1b" : [ 0 ],
					"out2a" : [ 0 ],
					"out2b" : [ 17 ],
					"vol[1]" : [ 1.031496 ],
					"d_time" : [ 3041.314209 ],
					"fback[1]" : [ 0.858268 ],
					"v_tog[1]" : [ 0 ],
					"v_rate[1]" : [ 0.0 ],
					"v_depth[1]" : [ 0.0 ],
					"t_sync[1]" : [ 0 ]
				}

			}
,
			"3" : 			{
				"id" : 3,
				"data" : 				{
					"ina" : [ 1 ],
					"inb" : [ 16 ],
					"out1a" : [ 0 ],
					"out1b" : [ 0 ],
					"out2a" : [ 0 ],
					"out2b" : [ 17 ],
					"vol[1]" : [ 1.0 ],
					"d_time" : [ 514.884827 ],
					"fback[1]" : [ 0.338583 ],
					"v_tog[1]" : [ 0 ],
					"v_rate[1]" : [ 0.0 ],
					"v_depth[1]" : [ 0.0 ],
					"t_sync[1]" : [ 0 ]
				}

			}
,
			"4" : 			{
				"id" : 4,
				"data" : 				{
					"ina" : [ 1 ],
					"inb" : [ 16 ],
					"out1a" : [ 0 ],
					"out1b" : [ 0 ],
					"out2a" : [ 0 ],
					"out2b" : [ 17 ],
					"vol[1]" : [ 1.015748 ],
					"d_time" : [ 1151.370361 ],
					"fback[1]" : [ 0.771654 ],
					"v_tog[1]" : [ 1 ],
					"v_rate[1]" : [ 0.1 ],
					"v_depth[1]" : [ 19.0 ],
					"t_sync[1]" : [ 0 ]
				}

			}
,
			"5" : 			{
				"id" : 5,
				"data" : 				{
					"ina" : [ 1 ],
					"inb" : [ 16 ],
					"out1a" : [ 0 ],
					"out1b" : [ 0 ],
					"out2a" : [ 0 ],
					"out2b" : [ 17 ],
					"vol[1]" : [ 1.527559 ],
					"d_time" : [ 170.85582 ],
					"fback[1]" : [ 0.472441 ],
					"v_tog[1]" : [ 1 ],
					"v_rate[1]" : [ 6.4 ],
					"v_depth[1]" : [ 0.5 ],
					"t_sync[1]" : [ 0 ]
				}

			}

		}

	}

}
