{
	"pattrstorage" : 	{
		"name" : "presets852582",
		"slots" : 		{
			"1" : 			{
				"id" : 1,
				"data" : 				{
					"in1a" : [ 1 ],
					"in1b" : [ 16 ],
					"in2a" : [ 2 ],
					"in2b" : [ 16 ],
					"out1a" : [ 0 ],
					"out1b" : [ 0 ],
					"out2a" : [ 0 ],
					"out2b" : [ 17 ],
					"vol[1]" : [ 1.0 ],
					"bal" : [ 125.0 ]
				}

			}
,
			"2" : 			{
				"id" : 2,
				"data" : 				{
					"in1a" : [ 1 ],
					"in1b" : [ 16 ],
					"in2a" : [ 2 ],
					"in2b" : [ 16 ],
					"out1a" : [ 0 ],
					"out1b" : [ 0 ],
					"out2a" : [ 0 ],
					"out2b" : [ 17 ],
					"vol[1]" : [ 1.0 ],
					"bal" : [ 90.0 ]
				}

			}
,
			"3" : 			{
				"id" : 3,
				"data" : 				{
					"in1a" : [ 1 ],
					"in1b" : [ 16 ],
					"in2a" : [ 2 ],
					"in2b" : [ 16 ],
					"out1a" : [ 0 ],
					"out1b" : [ 0 ],
					"out2a" : [ 0 ],
					"out2b" : [ 17 ],
					"vol[1]" : [ 1.0 ],
					"bal" : [ 172.0 ]
				}

			}
,
			"4" : 			{
				"id" : 4,
				"data" : 				{
					"in1a" : [ 1 ],
					"in1b" : [ 16 ],
					"in2a" : [ 2 ],
					"in2b" : [ 16 ],
					"out1a" : [ 0 ],
					"out1b" : [ 0 ],
					"out2a" : [ 0 ],
					"out2b" : [ 17 ],
					"vol[1]" : [ 1.0 ],
					"bal" : [ 36.0 ]
				}

			}
,
			"5" : 			{
				"id" : 5,
				"data" : 				{
					"in1a" : [ 1 ],
					"in1b" : [ 16 ],
					"in2a" : [ 2 ],
					"in2b" : [ 16 ],
					"out1a" : [ 0 ],
					"out1b" : [ 0 ],
					"out2a" : [ 0 ],
					"out2b" : [ 17 ],
					"vol[1]" : [ 1.0 ],
					"bal" : [ 230.0 ]
				}

			}

		}

	}

}
