{
	"pattrstorage" : 	{
		"name" : "presets51117",
		"slots" : 		{
			"1" : 			{
				"id" : 1,
				"data" : 				{
					"ctoggle" : [ 1 ],
					"kslider" : [ -1 ],
					"load_button" : [ 0 ],
					"moct" : [ 0 ],
					"module_save" : [ "Type_Module_Name_Here" ],
					"new_button" : [ 0 ],
					"rec_button" : [ 0 ],
					"save_button" : [ 0 ],
					"toggle" : [ 0 ],
					"file_name" : [ "My_MIDI" ],
					"loop_toggle" : [ 1 ],
					"loop_time" : [ 2.0 ]
				}

			}
,
			"2" : 			{
				"id" : 2,
				"data" : 				{
					"ctoggle" : [ 0 ],
					"kslider" : [ -1 ],
					"load_button" : [ 0 ],
					"moct" : [ 1 ],
					"module_save" : [ "Destination_Synth" ],
					"new_button" : [ 0 ],
					"rec_button" : [ 0 ],
					"save_button" : [ 0 ],
					"toggle" : [ 0 ],
					"file_name" : [ "MIDI_Greatness" ],
					"loop_toggle" : [ 0 ],
					"loop_time" : [ 0.0 ]
				}

			}

		}

	}

}
