{
	"pattrstorage" : 	{
		"name" : "presets293147",
		"slots" : 		{
			"1" : 			{
				"id" : 1,
				"data" : 				{
					"f_alg" : [ 0 ],
					"f_type" : [ 0 ],
					"volume" : [ 1.015748 ],
					"order" : [ 1.0 ],
					"freq" : [ 1002.899353 ],
					"in1a" : [ 1 ],
					"in1b" : [ 16 ],
					"out1a" : [ 0 ],
					"out1b" : [ 0 ],
					"out2a" : [ 0 ],
					"out2b" : [ 17 ]
				}

			}
,
			"2" : 			{
				"id" : 2,
				"data" : 				{
					"f_alg" : [ 0 ],
					"f_type" : [ 1 ],
					"volume" : [ 1.015748 ],
					"order" : [ 2.0 ],
					"freq" : [ 4763.94043 ],
					"in1a" : [ 1 ],
					"in1b" : [ 16 ],
					"out1a" : [ 0 ],
					"out1b" : [ 0 ],
					"out2a" : [ 0 ],
					"out2b" : [ 17 ]
				}

			}
,
			"3" : 			{
				"id" : 3,
				"data" : 				{
					"f_alg" : [ 0 ],
					"f_type" : [ 2 ],
					"volume" : [ 1.015748 ],
					"order" : [ 2.0 ],
					"freq" : [ 1440.520386 ],
					"in1a" : [ 1 ],
					"in1b" : [ 16 ],
					"out1a" : [ 0 ],
					"out1b" : [ 0 ],
					"out2a" : [ 0 ],
					"out2b" : [ 17 ]
				}

			}
,
			"4" : 			{
				"id" : 4,
				"data" : 				{
					"f_alg" : [ 2 ],
					"f_type" : [ 3 ],
					"volume" : [ 1.015748 ],
					"order" : [ 3.0 ],
					"freq" : [ 1765.383789 ],
					"in1a" : [ 1 ],
					"in1b" : [ 16 ],
					"out1a" : [ 0 ],
					"out1b" : [ 0 ],
					"out2a" : [ 0 ],
					"out2b" : [ 17 ]
				}

			}
,
			"5" : 			{
				"id" : 5,
				"data" : 				{
					"f_alg" : [ 2 ],
					"f_type" : [ 1 ],
					"volume" : [ 1.015748 ],
					"order" : [ 3.0 ],
					"freq" : [ 215.579285 ],
					"in1a" : [ 1 ],
					"in1b" : [ 16 ],
					"out1a" : [ 0 ],
					"out1b" : [ 0 ],
					"out2a" : [ 0 ],
					"out2b" : [ 17 ]
				}

			}
,
			"6" : 			{
				"id" : 6,
				"data" : 				{
					"f_alg" : [ 1 ],
					"f_type" : [ 0 ],
					"volume" : [ 1.015748 ],
					"order" : [ 3.0 ],
					"freq" : [ 494.381317 ],
					"in1a" : [ 1 ],
					"in1b" : [ 16 ],
					"out1a" : [ 0 ],
					"out1b" : [ 0 ],
					"out2a" : [ 0 ],
					"out2b" : [ 17 ]
				}

			}

		}

	}

}
