{
	"pattrstorage" : 	{
		"name" : "presets93186",
		"slots" : 		{
			"1" : 			{
				"id" : 1,
				"data" : 				{
					"in1a" : [ 1 ],
					"in1b" : [ 1 ],
					"in2a" : [ 2 ],
					"in2b" : [ 2 ],
					"out1a" : [ 3 ],
					"out1b" : [ 4 ],
					"out2a" : [ 4 ],
					"out2b" : [ 5 ],
					"vol[1]" : [ 0.417323 ],
					"bal" : [ 201.0 ]
				}

			}
,
			"2" : 			{
				"id" : 2,
				"data" : 				{
					"in1a" : [ 1 ],
					"in1b" : [ 1 ],
					"in2a" : [ 2 ],
					"in2b" : [ 2 ],
					"out1a" : [ 3 ],
					"out1b" : [ 4 ],
					"out2a" : [ 4 ],
					"out2b" : [ 5 ],
					"vol[1]" : [ 1.582677 ],
					"bal" : [ 59.0 ]
				}

			}
,
			"3" : 			{
				"id" : 3,
				"data" : 				{
					"in1a" : [ 5 ],
					"in1b" : [ 5 ],
					"in2a" : [ 6 ],
					"in2b" : [ 6 ],
					"out1a" : [ 7 ],
					"out1b" : [ 8 ],
					"out2a" : [ 8 ],
					"out2b" : [ 9 ],
					"vol[1]" : [ 1.582677 ],
					"bal" : [ 59.0 ]
				}

			}

		}

	}

}
