{
	"pattrstorage" : 	{
		"name" : "presets543607",
		"slots" : 		{
			"1" : 			{
				"id" : 1,
				"data" : 				{
					"i1" : [ 1, 1, 0, 1, "A", 1, 0.0, 1.0, 2.0, 1, 2, 1, 0, 1 ],
					"load_button" : [ 0 ],
					"new_button" : [ 0 ],
					"save_button" : [ 0 ],
					"i2" : [ 1, 2, 0, 1, "B", 2, 1.0, 2.0, 3.0, 2, 2, 2, 0, 1 ],
					"i3" : [ 1, 3, 0, 1, "C", 3, 2.0, 3.0, 4.0, 3, 2, 3, 0, 1 ],
					"i4" : [ 1, 4, 0, 1, "D", 4, 3.0, 4.0, 5.0, 4, 2, 4, 0, 1 ],
					"i5" : [ 2, 1, 0, 1, "E", 5, 0.0, 5.0, 6.0, 1, 3, 1, 0, 1 ],
					"i6" : [ 2, 2, 0, 1, "F", 6, 1.0, 6.0, 7.0, 2, 3, 2, 0, 1 ],
					"i7" : [ 2, 3, 0, 1, "G", 7, 2.0, 7.0, 8.0, 3, 3, 3, 0, 1 ],
					"i8" : [ 2, 4, 0, 1, "H", 8, 3.0, 8.0, 9.0, 4, 3, 4, 0, 1 ],
					"i9" : [ 3, 1, 0, 1, "I", 9, 0.0, 9.0, 10.0, 1, 4, 1, 0, 1 ],
					"i10" : [ 3, 2, 0, 1, "J", 10, 1.0, 10.0, 11.0, 2, 4, 2, 0, 1 ],
					"i11" : [ 3, 3, 0, 1, "K", 11, 2.0, 11.0, 12.0, 3, 4, 3, 0, 1 ],
					"i12" : [ 3, 4, 0, 1, "L", 0, 3.0, 12.0, 13.0, 4, 4, 4, 0, 1 ],
					"i13" : [ 4, 1, 0, 1, "M", 0, 0.0, 13.0, 14.0, 1, 5, 1, 0, 1 ],
					"i14" : [ 4, 2, 0, 1, "N", 0, 1.0, 14.0, 15.0, 2, 5, 2, 0, 1 ],
					"i15" : [ 4, 3, 0, 1, "O", 0, 2.0, 15.0, 16.0, 3, 5, 3, 0, 1 ],
					"i16" : [ 4, 4, 0, 1, "P", 0, 3.0, 16.0, 17.0, 4, 5, 4, 0, 1 ],
					"i17" : [ 5, 1, 0, 1, "Q", 0, 0.0, 17.0, 18.0, 1, 6, 1, 0, 1 ],
					"i18" : [ 5, 2, 0, 1, "R", 0, 1.0, 18.0, 19.0, 2, 6, 2, 0, 1 ],
					"i19" : [ 5, 3, 0, 1, "S", 0, 2.0, 19.0, 20.0, 3, 6, 3, 0, 1 ],
					"i20" : [ 5, 4, 0, 1, "T", 0, 3.0, 20.0, 21.0, 4, 6, 4, 0, 1 ],
					"i21" : [ 6, 1, 0, 1, "U", 0, 0.0, 21.0, 22.0, 1, 7, 1, 0, 1 ],
					"i22" : [ 6, 2, 0, 1, "V", 0, 1.0, 22.0, 23.0, 2, 7, 2, 0, 1 ],
					"i23" : [ 6, 3, 0, 1, "W", 0, 2.0, 23.0, 24.0, 3, 7, 3, 0, 1 ],
					"i24" : [ 6, 4, 0, 1, "X", 0, 3.0, 24.0, 25.0, 4, 7, 4, 0, 1 ],
					"i25" : [ 7, 1, 0, 1, "Y", 0, 0.0, 25.0, 26.0, 1, 8, 1, 0, 1 ],
					"i26" : [ 7, 2, 0, 1, "Z", 0, 1.0, 26.0, 27.0, 2, 8, 2, 0, 1 ],
					"i27" : [ 7, 3, 0, 1, "AA", 0, 2.0, 27.0, 28.0, 3, 8, 3, 0, 1 ],
					"i28" : [ 7, 4, 0, 1, "BB", 0, 3.0, 28.0, 29.0, 4, 8, 4, 0, 1 ],
					"i29" : [ 8, 1, 0, 1, "CC", 0, 0.0, 29.0, 30.0, 1, 9, 1, 0, 1 ],
					"i30" : [ 8, 2, 0, 1, "DD", 0, 1.0, 30.0, 31.0, 2, 9, 2, 0, 1 ],
					"i31" : [ 8, 3, 0, 1, "EE", 0, 2.0, 31.0, 32.0, 3, 9, 3, 0, 1 ],
					"i32" : [ 8, 4, 0, 1, "MSDP_Metronome", 0, 3.0, 2.0, 1.0, 0, 9, 4, 0, 1 ]
				}

			}
,
			"2" : 			{
				"id" : 2,
				"data" : 				{
					"i1" : [ 9, 1, 0, 1, "A", 1, 0.0, 1.0, 2.0, 1, 10, 1, 0, 1 ],
					"load_button" : [ 0 ],
					"new_button" : [ 0 ],
					"save_button" : [ 0 ],
					"i2" : [ 9, 2, 0, 1, "B", 2, 1.0, 2.0, 3.0, 2, 10, 2, 0, 1 ],
					"i3" : [ 9, 3, 0, 1, "C", 3, 2.0, 3.0, 4.0, 3, 10, 3, 0, 1 ],
					"i4" : [ 9, 4, 0, 1, "D", 4, 3.0, 4.0, 5.0, 4, 10, 4, 0, 1 ],
					"i5" : [ 10, 1, 0, 1, "E", 5, 0.0, 5.0, 6.0, 1, 11, 1, 0, 1 ],
					"i6" : [ 10, 2, 0, 1, "F", 6, 1.0, 6.0, 7.0, 2, 11, 2, 0, 1 ],
					"i7" : [ 10, 3, 0, 1, "G", 7, 2.0, 7.0, 8.0, 3, 11, 3, 0, 1 ],
					"i8" : [ 10, 4, 0, 1, "H", 8, 3.0, 8.0, 9.0, 4, 11, 4, 0, 1 ],
					"i9" : [ 11, 1, 0, 1, "I", 9, 0.0, 9.0, 10.0, 1, 12, 1, 0, 1 ],
					"i10" : [ 11, 2, 0, 1, "J", 10, 1.0, 10.0, 11.0, 2, 12, 2, 0, 1 ],
					"i11" : [ 11, 3, 0, 1, "K", 11, 2.0, 11.0, 12.0, 3, 12, 3, 0, 1 ],
					"i12" : [ 11, 4, 0, 1, "L", 0, 3.0, 12.0, 13.0, 4, 12, 4, 0, 1 ],
					"i13" : [ 12, 1, 0, 1, "M", 0, 0.0, 13.0, 14.0, 1, 13, 1, 0, 1 ],
					"i14" : [ 12, 2, 0, 1, "N", 0, 1.0, 14.0, 15.0, 2, 13, 2, 0, 1 ],
					"i15" : [ 12, 3, 0, 1, "O", 0, 2.0, 15.0, 16.0, 3, 13, 3, 0, 1 ],
					"i16" : [ 12, 4, 0, 1, "P", 0, 3.0, 16.0, 17.0, 4, 13, 4, 0, 1 ],
					"i17" : [ 13, 1, 0, 1, "Q", 0, 0.0, 17.0, 18.0, 1, 14, 1, 0, 1 ],
					"i18" : [ 13, 2, 0, 1, "R", 0, 1.0, 18.0, 19.0, 2, 14, 2, 0, 1 ],
					"i19" : [ 13, 3, 0, 1, "S", 0, 2.0, 19.0, 20.0, 3, 14, 3, 0, 1 ],
					"i20" : [ 13, 4, 0, 1, "T", 0, 3.0, 20.0, 21.0, 4, 14, 4, 0, 1 ],
					"i21" : [ 14, 1, 0, 1, "U", 0, 0.0, 21.0, 22.0, 1, 15, 1, 0, 1 ],
					"i22" : [ 14, 2, 0, 1, "V", 0, 1.0, 22.0, 23.0, 2, 15, 2, 0, 1 ],
					"i23" : [ 14, 3, 0, 1, "W", 0, 2.0, 23.0, 24.0, 3, 15, 3, 0, 1 ],
					"i24" : [ 14, 4, 0, 1, "X", 0, 3.0, 24.0, 25.0, 4, 15, 4, 0, 1 ],
					"i25" : [ 15, 1, 0, 1, "Y", 0, 0.0, 25.0, 26.0, 1, 16, 1, 0, 1 ],
					"i26" : [ 15, 2, 0, 1, "Z", 0, 1.0, 26.0, 27.0, 2, 16, 2, 0, 1 ],
					"i27" : [ 15, 3, 0, 1, "AA", 0, 2.0, 27.0, 28.0, 3, 16, 3, 0, 1 ],
					"i28" : [ 15, 4, 0, 1, "BB", 0, 3.0, 28.0, 29.0, 4, 16, 4, 0, 1 ],
					"i29" : [ 16, 1, 0, 1, "CC", 0, 0.0, 29.0, 30.0, 1, 17, 1, 0, 1 ],
					"i30" : [ 16, 2, 0, 1, "DD", 0, 1.0, 30.0, 31.0, 2, 17, 2, 0, 1 ],
					"i31" : [ 16, 3, 0, 1, "EE", 0, 2.0, 31.0, 32.0, 3, 17, 3, 0, 1 ],
					"i32" : [ 16, 4, 0, 1, "MSDP_Metronome", 0, 3.0, 1.0, 1.0, 0, 17, 4, 0, 1 ]
				}

			}

		}

	}

}
