{
	"pattrstorage" : 	{
		"name" : "default_automater",
		"slots" : 		{
			"1" : 			{
				"id" : 1,
				"data" : 				{
					"namer" : [ "Type", "Module", "ID", "Here" ],
					"namer[1]" : [ "Type", "Module", "ID", "Here" ],
					"namer[2]" : [ "Type", "Module", "ID", "Here" ],
					"namer[3]" : [ "Type", "Module", "ID", "Here" ],
					"namer[4]" : [ "Type", "Module", "ID", "Here" ],
					"namer[5]" : [ "Type", "Module", "ID", "Here" ],
					"namer[6]" : [ "Type", "Module", "ID", "Here" ],
					"param" : [ 3 ],
					"param[1]" : [ 1 ],
					"param[2]" : [ 1 ],
					"param[3]" : [ 1 ],
					"param[4]" : [ 1 ],
					"param[6]" : [ 1 ],
					"param[5]" : [ 1 ],
					"param[7]" : [ 1 ],
					"start" : [ 0.0 ],
					"end" : [ 2.0 ],
					"ramp" : [ 2.0 ],
					"mode" : [ 0 ],
					"group" : [ 1 ],
					"next" : [ 0 ],
					"wait" : [ 0.0 ],
					"start[1]" : [ 0.0 ],
					"end[1]" : [ 0.0 ],
					"ramp[1]" : [ 0.0 ],
					"mode[1]" : [ 0 ],
					"group[1]" : [ 1 ],
					"next[1]" : [ 0 ],
					"wait[1]" : [ 0.0 ],
					"start[2]" : [ 0.0 ],
					"end[2]" : [ 0.0 ],
					"ramp[2]" : [ 0.0 ],
					"mode[2]" : [ 0 ],
					"group[2]" : [ 1 ],
					"next[2]" : [ 0 ],
					"wait[2]" : [ 0.0 ],
					"start[3]" : [ 0.0 ],
					"end[3]" : [ 0.0 ],
					"ramp[3]" : [ 0.0 ],
					"mode[3]" : [ 0 ],
					"group[3]" : [ 1 ],
					"next[3]" : [ 0 ],
					"wait[3]" : [ 0.0 ],
					"start[4]" : [ 0.0 ],
					"end[4]" : [ 0.0 ],
					"ramp[4]" : [ 0.0 ],
					"mode[4]" : [ 0 ],
					"group[4]" : [ 1 ],
					"next[4]" : [ 0 ],
					"wait[4]" : [ 0.0 ],
					"start[5]" : [ 0.0 ],
					"end[5]" : [ 0.0 ],
					"ramp[5]" : [ 0.0 ],
					"mode[5]" : [ 0 ],
					"group[5]" : [ 1 ],
					"next[5]" : [ 0 ],
					"wait[5]" : [ 0.0 ],
					"start[6]" : [ 0.0 ],
					"end[6]" : [ 0.0 ],
					"ramp[6]" : [ 0.0 ],
					"mode[6]" : [ 0 ],
					"group[6]" : [ 1 ],
					"next[6]" : [ 0 ],
					"wait[6]" : [ 0.0 ],
					"start[7]" : [ 0.0 ],
					"end[7]" : [ 0.0 ],
					"ramp[7]" : [ 0.0 ],
					"mode[7]" : [ 0 ],
					"group[7]" : [ 1 ],
					"next[7]" : [ 0 ],
					"wait[7]" : [ 0.0 ]
				}

			}
,
			"2" : 			{
				"id" : 2,
				"data" : 				{
					"namer" : [ "test2" ],
					"namer[1]" : [ "Type", "Module", "Name", "Here" ],
					"namer[2]" : [ "Type", "Module", "Name", "Here" ],
					"namer[3]" : [ "Type", "Module", "Name", "Here" ],
					"namer[4]" : [ "Type", "Module", "Name", "Here" ],
					"namer[5]" : [ "Type", "Module", "Name", "Here" ],
					"namer[6]" : [ "Type", "Module", "Name", "Here" ],
					"param" : [ 3 ],
					"param[1]" : [ 1 ],
					"param[2]" : [ 1 ],
					"param[3]" : [ 1 ],
					"param[4]" : [ 1 ],
					"param[6]" : [ 1 ],
					"param[5]" : [ 1 ],
					"param[7]" : [ 1 ],
					"start" : [ 0.0 ],
					"end" : [ 2.0 ],
					"ramp" : [ 2.5 ],
					"mode" : [ 0 ],
					"group" : [ 1 ],
					"next" : [ 0 ],
					"wait" : [ 0.0 ],
					"start[1]" : [ 0.0 ],
					"end[1]" : [ 0.0 ],
					"ramp[1]" : [ 0.0 ],
					"mode[1]" : [ 0 ],
					"group[1]" : [ 1 ],
					"next[1]" : [ 0 ],
					"wait[1]" : [ 0.0 ],
					"start[2]" : [ 0.0 ],
					"end[2]" : [ 0.0 ],
					"ramp[2]" : [ 0.0 ],
					"mode[2]" : [ 0 ],
					"group[2]" : [ 1 ],
					"next[2]" : [ 0 ],
					"wait[2]" : [ 0.0 ],
					"start[3]" : [ 0.0 ],
					"end[3]" : [ 0.0 ],
					"ramp[3]" : [ 0.0 ],
					"mode[3]" : [ 0 ],
					"group[3]" : [ 1 ],
					"next[3]" : [ 0 ],
					"wait[3]" : [ 0.0 ],
					"start[4]" : [ 0.0 ],
					"end[4]" : [ 0.0 ],
					"ramp[4]" : [ 0.0 ],
					"mode[4]" : [ 0 ],
					"group[4]" : [ 1 ],
					"next[4]" : [ 0 ],
					"wait[4]" : [ 0.0 ],
					"start[5]" : [ 0.0 ],
					"end[5]" : [ 0.0 ],
					"ramp[5]" : [ 0.0 ],
					"mode[5]" : [ 0 ],
					"group[5]" : [ 1 ],
					"next[5]" : [ 0 ],
					"wait[5]" : [ 0.0 ],
					"start[6]" : [ 0.0 ],
					"end[6]" : [ 0.0 ],
					"ramp[6]" : [ 0.0 ],
					"mode[6]" : [ 0 ],
					"group[6]" : [ 1 ],
					"next[6]" : [ 0 ],
					"wait[6]" : [ 0.0 ],
					"start[7]" : [ 0.0 ],
					"end[7]" : [ 0.0 ],
					"ramp[7]" : [ 0.0 ],
					"mode[7]" : [ 0 ],
					"group[7]" : [ 1 ],
					"next[7]" : [ 0 ],
					"wait[7]" : [ 0.0 ]
				}

			}

		}

	}

}
