{
	"pattrstorage" : 	{
		"name" : "presets345545",
		"slots" : 		{
			"1" : 			{
				"id" : 1,
				"data" : 				{
					"ina" : [ 0 ],
					"inb" : [ 0 ],
					"out1a" : [ 0 ],
					"out1b" : [ 0 ],
					"out2a" : [ 0 ],
					"out2b" : [ 17 ],
					"flonum[3]" : [ 1.007874 ],
					"load_button" : [ 0 ],
					"new_button" : [ 0 ],
					"pvol" : [ 1.007874 ],
					"save_button" : [ 0 ],
					"toggle" : [ 0 ],
					"u-param" : [ 2 ]
				}

			}
,
			"2" : 			{
				"id" : 2,
				"data" : 				{
					"ina" : [ 0 ],
					"inb" : [ 0 ],
					"out1a" : [ 0 ],
					"out1b" : [ 0 ],
					"out2a" : [ 0 ],
					"out2b" : [ 17 ],
					"flonum[3]" : [ 0.472441 ],
					"load_button" : [ 0 ],
					"new_button" : [ 0 ],
					"pvol" : [ 0.472441 ],
					"save_button" : [ 0 ],
					"toggle" : [ 0 ],
					"u-param" : [ 30 ]
				}

			}
,
			"3" : 			{
				"id" : 3,
				"data" : 				{
					"ina" : [ 0 ],
					"inb" : [ 0 ],
					"out1a" : [ 0 ],
					"out1b" : [ 0 ],
					"out2a" : [ 0 ],
					"out2b" : [ 17 ],
					"flonum[3]" : [ 1.606299 ],
					"load_button" : [ 0 ],
					"new_button" : [ 0 ],
					"pvol" : [ 1.606299 ],
					"save_button" : [ 0 ],
					"toggle" : [ 0 ],
					"u-param" : [ 9999 ]
				}

			}

		}

	}

}
