{
	"pattrstorage" : 	{
		"name" : "presets462287",
		"slots" : 		{
			"1" : 			{
				"id" : 1,
				"data" : 				{
					"ina" : [ 1 ],
					"inb" : [ 16 ],
					"out1a" : [ 0 ],
					"out1b" : [ 0 ],
					"out2a" : [ 0 ],
					"out2b" : [ 0 ],
					"vol[1]" : [ 1.0 ],
					"gvol[1]" : [ 1.0 ],
					"interval[1]" : [ 100 ],
					"chance[1]" : [ 25.0 ],
					"intensity[1]" : [ 25 ],
					"ran_tog" : [ 0 ],
					"length" : [ 100.0 ]
				}

			}
,
			"2" : 			{
				"id" : 2,
				"data" : 				{
					"ina" : [ 1 ],
					"inb" : [ 16 ],
					"out1a" : [ 0 ],
					"out1b" : [ 0 ],
					"out2a" : [ 0 ],
					"out2b" : [ 0 ],
					"vol[1]" : [ 1.0 ],
					"gvol[1]" : [ 0.984252 ],
					"interval[1]" : [ 100 ],
					"chance[1]" : [ 99.0 ],
					"intensity[1]" : [ 78 ],
					"ran_tog" : [ 1 ],
					"length" : [ 55.825001 ]
				}

			}
,
			"3" : 			{
				"id" : 3,
				"data" : 				{
					"ina" : [ 1 ],
					"inb" : [ 16 ],
					"out1a" : [ 0 ],
					"out1b" : [ 0 ],
					"out2a" : [ 0 ],
					"out2b" : [ 0 ],
					"vol[1]" : [ 1.0 ],
					"gvol[1]" : [ 0.984252 ],
					"interval[1]" : [ 405 ],
					"chance[1]" : [ 100.0 ],
					"intensity[1]" : [ 78 ],
					"ran_tog" : [ 0 ],
					"length" : [ 405.0 ]
				}

			}
,
			"4" : 			{
				"id" : 4,
				"data" : 				{
					"ina" : [ 1 ],
					"inb" : [ 16 ],
					"out1a" : [ 0 ],
					"out1b" : [ 0 ],
					"out2a" : [ 0 ],
					"out2b" : [ 0 ],
					"vol[1]" : [ 1.0 ],
					"gvol[1]" : [ 0.984252 ],
					"interval[1]" : [ 468 ],
					"chance[1]" : [ 50.0 ],
					"intensity[1]" : [ 100 ],
					"ran_tog" : [ 1 ],
					"length" : [ 130.434006 ]
				}

			}
,
			"5" : 			{
				"id" : 5,
				"data" : 				{
					"ina" : [ 1 ],
					"inb" : [ 16 ],
					"out1a" : [ 0 ],
					"out1b" : [ 0 ],
					"out2a" : [ 0 ],
					"out2b" : [ 0 ],
					"vol[1]" : [ 0.480315 ],
					"gvol[1]" : [ 1.307087 ],
					"interval[1]" : [ 468 ],
					"chance[1]" : [ 80.0 ],
					"intensity[1]" : [ 100 ],
					"ran_tog" : [ 1 ],
					"length" : [ 151.697998 ]
				}

			}

		}

	}

}
