{
	"pattrstorage" : 	{
		"name" : "presets849366",
		"slots" : 		{
			"1" : 			{
				"id" : 1,
				"data" : 				{
					"out1a" : [ 0 ],
					"out1b" : [ 0 ],
					"out2a" : [ 0 ],
					"out2b" : [ 17 ],
					"ina" : [ 0 ],
					"inb" : [ 0 ],
					"panrate" : [ 300 ],
					"fadetime" : [ 300 ],
					"vol." : [ 1.0 ],
					"panpos" : [ 64 ],
					"autopan" : [ 0 ]
				}

			}
,
			"2" : 			{
				"id" : 2,
				"data" : 				{
					"out1a" : [ 0 ],
					"out1b" : [ 0 ],
					"out2a" : [ 0 ],
					"out2b" : [ 17 ],
					"ina" : [ 0 ],
					"inb" : [ 0 ],
					"panrate" : [ 300 ],
					"fadetime" : [ 300 ],
					"vol." : [ 1.0 ],
					"panpos" : [ 20 ],
					"autopan" : [ 0 ]
				}

			}
,
			"3" : 			{
				"id" : 3,
				"data" : 				{
					"out1a" : [ 0 ],
					"out1b" : [ 0 ],
					"out2a" : [ 0 ],
					"out2b" : [ 17 ],
					"ina" : [ 0 ],
					"inb" : [ 0 ],
					"panrate" : [ 300 ],
					"fadetime" : [ 300 ],
					"vol." : [ 1.0 ],
					"panpos" : [ 111 ],
					"autopan" : [ 0 ]
				}

			}
,
			"4" : 			{
				"id" : 4,
				"data" : 				{
					"out1a" : [ 0 ],
					"out1b" : [ 0 ],
					"out2a" : [ 0 ],
					"out2b" : [ 17 ],
					"ina" : [ 0 ],
					"inb" : [ 0 ],
					"panrate" : [ 1033 ],
					"fadetime" : [ 1033 ],
					"vol." : [ 1.0 ],
					"panpos" : [ 0 ],
					"autopan" : [ 1 ]
				}

			}
,
			"5" : 			{
				"id" : 5,
				"data" : 				{
					"out1a" : [ 0 ],
					"out1b" : [ 0 ],
					"out2a" : [ 0 ],
					"out2b" : [ 17 ],
					"ina" : [ 0 ],
					"inb" : [ 0 ],
					"panrate" : [ 298 ],
					"fadetime" : [ 300 ],
					"vol." : [ 1.0 ],
					"panpos" : [ 127 ],
					"autopan" : [ 1 ]
				}

			}

		}

	}

}
