{
	"pattrstorage" : 	{
		"name" : "presets222663",
		"slots" : 		{
			"1" : 			{
				"id" : 1,
				"data" : 				{
					"ina" : [ 1 ],
					"inb" : [ 16 ],
					"out1a" : [ 0 ],
					"out1b" : [ 0 ],
					"out2a" : [ 0 ],
					"out2b" : [ 17 ],
					"vol[1]" : [ 1.0 ],
					"delay[1]" : [ 747.110718 ],
					"fback[4]" : [ 0.625197 ],
					"w_rate[1]" : [ 0.0 ],
					"w_depth[1]" : [ 0.0 ],
					"t_sync" : [ 0 ]
				}

			}
,
			"2" : 			{
				"id" : 2,
				"data" : 				{
					"ina" : [ 1 ],
					"inb" : [ 16 ],
					"out1a" : [ 0 ],
					"out1b" : [ 0 ],
					"out2a" : [ 0 ],
					"out2b" : [ 17 ],
					"vol[1]" : [ 1.0 ],
					"delay[1]" : [ 1874.649414 ],
					"fback[4]" : [ 0.789764 ],
					"w_rate[1]" : [ 0.0 ],
					"w_depth[1]" : [ 0.0 ],
					"t_sync" : [ 0 ]
				}

			}
,
			"3" : 			{
				"id" : 3,
				"data" : 				{
					"ina" : [ 1 ],
					"inb" : [ 16 ],
					"out1a" : [ 0 ],
					"out1b" : [ 0 ],
					"out2a" : [ 0 ],
					"out2b" : [ 17 ],
					"vol[1]" : [ 1.0 ],
					"delay[1]" : [ 271.267639 ],
					"fback[4]" : [ 0.789764 ],
					"w_rate[1]" : [ 0.24304 ],
					"w_depth[1]" : [ 32.798065 ],
					"t_sync" : [ 0 ]
				}

			}
,
			"4" : 			{
				"id" : 4,
				"data" : 				{
					"ina" : [ 1 ],
					"inb" : [ 16 ],
					"out1a" : [ 0 ],
					"out1b" : [ 0 ],
					"out2a" : [ 0 ],
					"out2b" : [ 17 ],
					"vol[1]" : [ 1.0 ],
					"delay[1]" : [ 21.353428 ],
					"fback[4]" : [ 0.833071 ],
					"w_rate[1]" : [ 0.04464 ],
					"w_depth[1]" : [ 2.232004 ],
					"t_sync" : [ 0 ]
				}

			}
,
			"5" : 			{
				"id" : 5,
				"data" : 				{
					"ina" : [ 1 ],
					"inb" : [ 16 ],
					"out1a" : [ 0 ],
					"out1b" : [ 0 ],
					"out2a" : [ 0 ],
					"out2b" : [ 17 ],
					"vol[1]" : [ 1.0 ],
					"delay[1]" : [ 6326.941895 ],
					"fback[4]" : [ 0.833071 ],
					"w_rate[1]" : [ 0.0 ],
					"w_depth[1]" : [ 0.0 ],
					"t_sync" : [ 0 ]
				}

			}

		}

	}

}
