{
	"pattrstorage" : 	{
		"name" : "presets905431",
		"slots" : 		{
			"1" : 			{
				"id" : 1,
				"data" : 				{
					"ina" : [ 1 ],
					"inb" : [ 16 ],
					"out1a" : [ 0 ],
					"out1b" : [ 0 ],
					"out2a" : [ 17 ],
					"out2b" : [ 17 ],
					"delay" : [ 0.0 ],
					"amt" : [ 0.0 ],
					"volume" : [ 0.661417 ],
					"low[1]" : [ 0.0 ],
					"high[1]" : [ 0.0 ],
					"rate[1]" : [ 0.0 ],
					"shift[1]" : [ 7.0 ],
					"toggle[1]" : [ 0 ]
				}

			}
,
			"2" : 			{
				"id" : 2,
				"data" : 				{
					"ina" : [ 1 ],
					"inb" : [ 16 ],
					"out1a" : [ 0 ],
					"out1b" : [ 0 ],
					"out2a" : [ 17 ],
					"out2b" : [ 17 ],
					"delay" : [ 63.779526 ],
					"amt" : [ 0.666929 ],
					"volume" : [ 0.992126 ],
					"low[1]" : [ 0.0 ],
					"high[1]" : [ 0.0 ],
					"rate[1]" : [ 0.0 ],
					"shift[1]" : [ 2.0 ],
					"toggle[1]" : [ 0 ]
				}

			}
,
			"3" : 			{
				"id" : 3,
				"data" : 				{
					"ina" : [ 1 ],
					"inb" : [ 16 ],
					"out1a" : [ 0 ],
					"out1b" : [ 0 ],
					"out2a" : [ 17 ],
					"out2b" : [ 17 ],
					"delay" : [ 18.897638 ],
					"amt" : [ 0.632283 ],
					"volume" : [ 1.086614 ],
					"low[1]" : [ 0.0 ],
					"high[1]" : [ 0.0 ],
					"rate[1]" : [ 0.0 ],
					"shift[1]" : [ 0.086614 ],
					"toggle[1]" : [ 0 ]
				}

			}
,
			"4" : 			{
				"id" : 4,
				"data" : 				{
					"ina" : [ 1 ],
					"inb" : [ 16 ],
					"out1a" : [ 0 ],
					"out1b" : [ 0 ],
					"out2a" : [ 17 ],
					"out2b" : [ 17 ],
					"delay" : [ 61.417324 ],
					"amt" : [ 0.718898 ],
					"volume" : [ 1.070866 ],
					"low[1]" : [ 1.33 ],
					"high[1]" : [ 4.3 ],
					"rate[1]" : [ 0.238328 ],
					"shift[1]" : [ 2.0 ],
					"toggle[1]" : [ 1 ]
				}

			}
,
			"5" : 			{
				"id" : 5,
				"data" : 				{
					"ina" : [ 1 ],
					"inb" : [ 16 ],
					"out1a" : [ 0 ],
					"out1b" : [ 0 ],
					"out2a" : [ 17 ],
					"out2b" : [ 17 ],
					"delay" : [ 45.669292 ],
					"amt" : [ 0.450394 ],
					"volume" : [ 1.149606 ],
					"low[1]" : [ 7.0 ],
					"high[1]" : [ 7.0 ],
					"rate[1]" : [ 4.0 ],
					"shift[1]" : [ 0.0 ],
					"toggle[1]" : [ 1 ]
				}

			}
,
			"6" : 			{
				"id" : 6,
				"data" : 				{
					"ina" : [ 1 ],
					"inb" : [ 16 ],
					"out1a" : [ 0 ],
					"out1b" : [ 0 ],
					"out2a" : [ 17 ],
					"out2b" : [ 17 ],
					"delay" : [ 100.0 ],
					"amt" : [ 0.770866 ],
					"volume" : [ 0.992126 ],
					"low[1]" : [ 2.0 ],
					"high[1]" : [ 2.0 ],
					"rate[1]" : [ 0.645049 ],
					"shift[1]" : [ 0.0 ],
					"toggle[1]" : [ 1 ]
				}

			}

		}

	}

}
