{
	"pattrstorage" : 	{
		"name" : "presets856005",
		"slots" : 		{
			"1" : 			{
				"id" : 1,
				"data" : 				{
					"in1a" : [ 1 ],
					"in1b" : [ 16 ],
					"out1a" : [ 0 ],
					"out1b" : [ 0 ],
					"out2a" : [ 0 ],
					"out2b" : [ 17 ],
					"ran_d" : [ 0 ],
					"ran_u" : [ 0 ],
					"per_d" : [ 0 ],
					"per_u" : [ 0 ],
					"play_c" : [ 100 ],
					"grain_r" : [ 0 ],
					"pitch_r" : [ 0.0 ],
					"grain_i" : [ 100 ],
					"dur_m" : [ 4.8 ],
					"duration" : [ 480 ],
					"switch" : [ 1 ],
					"traspose" : [ 0.0 ],
					"volume" : [ 1.0 ],
					"board" : [ 60 ]
				}

			}
,
			"2" : 			{
				"id" : 2,
				"data" : 				{
					"in1a" : [ 1 ],
					"in1b" : [ 16 ],
					"out1a" : [ 0 ],
					"out1b" : [ 0 ],
					"out2a" : [ 0 ],
					"out2b" : [ 17 ],
					"ran_d" : [ 0 ],
					"ran_u" : [ 0 ],
					"per_d" : [ 50 ],
					"per_u" : [ 0 ],
					"play_c" : [ 100 ],
					"grain_r" : [ 100 ],
					"pitch_r" : [ 0.0 ],
					"grain_i" : [ 3846 ],
					"dur_m" : [ 5.0 ],
					"duration" : [ 19230 ],
					"switch" : [ 1 ],
					"traspose" : [ 0.0 ],
					"volume" : [ 0.976378 ],
					"board" : [ 60 ]
				}

			}
,
			"3" : 			{
				"id" : 3,
				"data" : 				{
					"in1a" : [ 1 ],
					"in1b" : [ 16 ],
					"out1a" : [ 0 ],
					"out1b" : [ 0 ],
					"out2a" : [ 0 ],
					"out2b" : [ 17 ],
					"ran_d" : [ 0 ],
					"ran_u" : [ 0 ],
					"per_d" : [ 50 ],
					"per_u" : [ 0 ],
					"play_c" : [ 100 ],
					"grain_r" : [ 0 ],
					"pitch_r" : [ 0.0 ],
					"grain_i" : [ 80 ],
					"dur_m" : [ 0.26 ],
					"duration" : [ 70 ],
					"switch" : [ 1 ],
					"traspose" : [ 0.0 ],
					"volume" : [ 1.0 ],
					"board" : [ 60 ]
				}

			}
,
			"4" : 			{
				"id" : 4,
				"data" : 				{
					"in1a" : [ 1 ],
					"in1b" : [ 16 ],
					"out1a" : [ 0 ],
					"out1b" : [ 0 ],
					"out2a" : [ 0 ],
					"out2b" : [ 17 ],
					"ran_d" : [ 0 ],
					"ran_u" : [ 1 ],
					"per_d" : [ 0 ],
					"per_u" : [ 18 ],
					"play_c" : [ 100 ],
					"grain_r" : [ 100 ],
					"pitch_r" : [ 0.0 ],
					"grain_i" : [ 712 ],
					"dur_m" : [ 0.26 ],
					"duration" : [ 1503 ],
					"switch" : [ 1 ],
					"traspose" : [ 0.0 ],
					"volume" : [ 1.0 ],
					"board" : [ 60 ]
				}

			}
,
			"5" : 			{
				"id" : 5,
				"data" : 				{
					"in1a" : [ 1 ],
					"in1b" : [ 16 ],
					"out1a" : [ 0 ],
					"out1b" : [ 0 ],
					"out2a" : [ 0 ],
					"out2b" : [ 17 ],
					"ran_d" : [ 0 ],
					"ran_u" : [ 0 ],
					"per_d" : [ 50 ],
					"per_u" : [ 1 ],
					"play_c" : [ 100 ],
					"grain_r" : [ 8 ],
					"pitch_r" : [ 0.0014 ],
					"grain_i" : [ 156 ],
					"dur_m" : [ 4.9975 ],
					"duration" : [ 779 ],
					"switch" : [ 1 ],
					"traspose" : [ 5.0 ],
					"volume" : [ 1.0 ],
					"board" : [ 65 ]
				}

			}
,
			"6" : 			{
				"id" : 6,
				"data" : 				{
					"in1a" : [ 1 ],
					"in1b" : [ 16 ],
					"out1a" : [ 0 ],
					"out1b" : [ 0 ],
					"out2a" : [ 0 ],
					"out2b" : [ 17 ],
					"ran_d" : [ 3 ],
					"ran_u" : [ 2 ],
					"per_d" : [ 10 ],
					"per_u" : [ 1 ],
					"play_c" : [ 100 ],
					"grain_r" : [ 0 ],
					"pitch_r" : [ 4.0 ],
					"grain_i" : [ 1055 ],
					"dur_m" : [ 3.526 ],
					"duration" : [ 3719 ],
					"switch" : [ 1 ],
					"traspose" : [ -10.0 ],
					"volume" : [ 1.0 ],
					"board" : [ 50 ]
				}

			}

		}

	}

}
