{
	"pattrstorage" : 	{
		"name" : "presets191545",
		"slots" : 		{
			"1" : 			{
				"id" : 1,
				"data" : 				{
					"in1a" : [ 1 ],
					"in1b" : [ 16 ],
					"out1a" : [ 0 ],
					"out1b" : [ 0 ],
					"out2a" : [ 17 ],
					"out2b" : [ 17 ],
					"r_size" : [ 265.166656 ],
					"r_time" : [ 7619 ],
					"r_spread" : [ 59 ],
					"r_width" : [ 0.460317 ],
					"r_damp" : [ 0.301587 ],
					"r_early" : [ 0.166667 ],
					"r_tail" : [ 0.039683 ],
					"r_vol" : [ 1.0 ]
				}

			}
,
			"2" : 			{
				"id" : 2,
				"data" : 				{
					"in1a" : [ 1 ],
					"in1b" : [ 16 ],
					"out1a" : [ 0 ],
					"out1b" : [ 0 ],
					"out2a" : [ 17 ],
					"out2b" : [ 17 ],
					"r_size" : [ 265.166656 ],
					"r_time" : [ 793 ],
					"r_spread" : [ 94 ],
					"r_width" : [ 0.896825 ],
					"r_damp" : [ 0.896825 ],
					"r_early" : [ 0.896825 ],
					"r_tail" : [ 0.198413 ],
					"r_vol" : [ 1.0 ]
				}

			}
,
			"3" : 			{
				"id" : 3,
				"data" : 				{
					"in1a" : [ 1 ],
					"in1b" : [ 16 ],
					"out1a" : [ 0 ],
					"out1b" : [ 0 ],
					"out2a" : [ 17 ],
					"out2b" : [ 17 ],
					"r_size" : [ 265.166656 ],
					"r_time" : [ 793 ],
					"r_spread" : [ 94 ],
					"r_width" : [ 0.0 ],
					"r_damp" : [ 0.0 ],
					"r_early" : [ 0.896825 ],
					"r_tail" : [ 0.198413 ],
					"r_vol" : [ 1.0 ]
				}

			}
,
			"4" : 			{
				"id" : 4,
				"data" : 				{
					"in1a" : [ 1 ],
					"in1b" : [ 16 ],
					"out1a" : [ 0 ],
					"out1b" : [ 0 ],
					"out2a" : [ 17 ],
					"out2b" : [ 17 ],
					"r_size" : [ 144.310608 ],
					"r_time" : [ 1666 ],
					"r_spread" : [ 53 ],
					"r_width" : [ 0.319986 ],
					"r_damp" : [ 0.806638 ],
					"r_early" : [ 0.563492 ],
					"r_tail" : [ 0.301587 ],
					"r_vol" : [ 0.976378 ]
				}

			}
,
			"5" : 			{
				"id" : 5,
				"data" : 				{
					"in1a" : [ 1 ],
					"in1b" : [ 16 ],
					"out1a" : [ 0 ],
					"out1b" : [ 0 ],
					"out2a" : [ 17 ],
					"out2b" : [ 17 ],
					"r_size" : [ 301.0 ],
					"r_time" : [ 873 ],
					"r_spread" : [ 100 ],
					"r_width" : [ 1.0 ],
					"r_damp" : [ 0.087302 ],
					"r_early" : [ 0.730159 ],
					"r_tail" : [ 0.238095 ],
					"r_vol" : [ 0.771654 ]
				}

			}
,
			"6" : 			{
				"id" : 6,
				"data" : 				{
					"in1a" : [ 1 ],
					"in1b" : [ 16 ],
					"out1a" : [ 0 ],
					"out1b" : [ 0 ],
					"out2a" : [ 17 ],
					"out2b" : [ 17 ],
					"r_size" : [ 253.222229 ],
					"r_time" : [ 8647 ],
					"r_spread" : [ 27 ],
					"r_width" : [ 0.642857 ],
					"r_damp" : [ 0.882395 ],
					"r_early" : [ 0.0 ],
					"r_tail" : [ 0.714286 ],
					"r_vol" : [ 0.535433 ]
				}

			}

		}

	}

}
