{
	"pattrstorage" : 	{
		"name" : "presets989721",
		"slots" : 		{
			"1" : 			{
				"id" : 1,
				"data" : 				{
					"out1a" : [ 0 ],
					"out1b" : [ 0 ],
					"out2a" : [ 20 ],
					"out2b" : [ 0 ],
					"ina" : [ 1 ],
					"inb" : [ 16 ],
					"sizes[1]" : [ 62 ],
					"decays[1]" : [ 62 ],
					"damps[1]" : [ 62 ],
					"diffs[1]" : [ 127 ],
					"vol." : [ 1.0 ]
				}

			}
,
			"2" : 			{
				"id" : 2,
				"data" : 				{
					"out1a" : [ 0 ],
					"out1b" : [ 0 ],
					"out2a" : [ 20 ],
					"out2b" : [ 0 ],
					"ina" : [ 1 ],
					"inb" : [ 16 ],
					"sizes[1]" : [ 21 ],
					"decays[1]" : [ 109 ],
					"damps[1]" : [ 127 ],
					"diffs[1]" : [ 73 ],
					"vol." : [ 1.0 ]
				}

			}
,
			"3" : 			{
				"id" : 3,
				"data" : 				{
					"out1a" : [ 0 ],
					"out1b" : [ 0 ],
					"out2a" : [ 20 ],
					"out2b" : [ 0 ],
					"ina" : [ 1 ],
					"inb" : [ 16 ],
					"sizes[1]" : [ 26 ],
					"decays[1]" : [ 127 ],
					"damps[1]" : [ 20 ],
					"diffs[1]" : [ 25 ],
					"vol." : [ 1.0 ]
				}

			}
,
			"4" : 			{
				"id" : 4,
				"data" : 				{
					"out1a" : [ 0 ],
					"out1b" : [ 0 ],
					"out2a" : [ 20 ],
					"out2b" : [ 0 ],
					"ina" : [ 1 ],
					"inb" : [ 16 ],
					"sizes[1]" : [ 52 ],
					"decays[1]" : [ 52 ],
					"damps[1]" : [ 49 ],
					"diffs[1]" : [ 48 ],
					"vol." : [ 1.0 ]
				}

			}
,
			"5" : 			{
				"id" : 5,
				"data" : 				{
					"out1a" : [ 0 ],
					"out1b" : [ 0 ],
					"out2a" : [ 20 ],
					"out2b" : [ 0 ],
					"ina" : [ 1 ],
					"inb" : [ 16 ],
					"sizes[1]" : [ 89 ],
					"decays[1]" : [ 57 ],
					"damps[1]" : [ 117 ],
					"diffs[1]" : [ 85 ],
					"vol." : [ 1.0 ]
				}

			}
,
			"6" : 			{
				"id" : 6,
				"data" : 				{
					"out1a" : [ 0 ],
					"out1b" : [ 0 ],
					"out2a" : [ 20 ],
					"out2b" : [ 0 ],
					"ina" : [ 1 ],
					"inb" : [ 16 ],
					"sizes[1]" : [ 127 ],
					"decays[1]" : [ 99 ],
					"damps[1]" : [ 127 ],
					"diffs[1]" : [ 2 ],
					"vol." : [ 1.0 ]
				}

			}
,
			"7" : 			{
				"id" : 7,
				"data" : 				{
					"out1a" : [ 0 ],
					"out1b" : [ 0 ],
					"out2a" : [ 20 ],
					"out2b" : [ 0 ],
					"ina" : [ 1 ],
					"inb" : [ 16 ],
					"sizes[1]" : [ 23 ],
					"decays[1]" : [ 127 ],
					"damps[1]" : [ 14 ],
					"diffs[1]" : [ 124 ],
					"vol." : [ 1.0 ]
				}

			}

		}

	}

}
