{
	"pattrstorage" : 	{
		"name" : "presets930780",
		"slots" : 		{
			"1" : 			{
				"id" : 1,
				"data" : 				{
					"vol[1]" : [ 1.0 ],
					"ina" : [ 1 ],
					"inb" : [ 16 ],
					"out1a" : [ 0 ],
					"out1b" : [ 0 ],
					"out2a" : [ 0 ],
					"out2b" : [ 17 ],
					"gvol[1]" : [ 1.0 ],
					"g_burn" : [ 10.0 ],
					"c_int" : [ 100 ],
					"r_tog" : [ 0 ],
					"chance[1]" : [ 25.0 ],
					"intense" : [ 25 ],
					"p_length" : [ 100.0 ]
				}

			}
,
			"2" : 			{
				"id" : 2,
				"data" : 				{
					"vol[1]" : [ 1.141732 ],
					"ina" : [ 1 ],
					"inb" : [ 16 ],
					"out1a" : [ 0 ],
					"out1b" : [ 0 ],
					"out2a" : [ 0 ],
					"out2b" : [ 17 ],
					"gvol[1]" : [ 1.0 ],
					"g_burn" : [ 13.905512 ],
					"c_int" : [ 132 ],
					"r_tog" : [ 0 ],
					"chance[1]" : [ 100.0 ],
					"intense" : [ 77 ],
					"p_length" : [ 132.0 ]
				}

			}
,
			"3" : 			{
				"id" : 3,
				"data" : 				{
					"vol[1]" : [ 1.141732 ],
					"ina" : [ 1 ],
					"inb" : [ 16 ],
					"out1a" : [ 0 ],
					"out1b" : [ 0 ],
					"out2a" : [ 0 ],
					"out2b" : [ 17 ],
					"gvol[1]" : [ 1.0 ],
					"g_burn" : [ 13.905512 ],
					"c_int" : [ 575 ],
					"r_tog" : [ 0 ],
					"chance[1]" : [ 100.0 ],
					"intense" : [ 3 ],
					"p_length" : [ 575.0 ]
				}

			}
,
			"4" : 			{
				"id" : 4,
				"data" : 				{
					"vol[1]" : [ 1.141732 ],
					"ina" : [ 1 ],
					"inb" : [ 16 ],
					"out1a" : [ 0 ],
					"out1b" : [ 0 ],
					"out2a" : [ 0 ],
					"out2b" : [ 17 ],
					"gvol[1]" : [ 1.0 ],
					"g_burn" : [ 13.905512 ],
					"c_int" : [ 520 ],
					"r_tog" : [ 0 ],
					"chance[1]" : [ 87.0 ],
					"intense" : [ 62 ],
					"p_length" : [ 520.0 ]
				}

			}
,
			"5" : 			{
				"id" : 5,
				"data" : 				{
					"vol[1]" : [ 1.141732 ],
					"ina" : [ 1 ],
					"inb" : [ 16 ],
					"out1a" : [ 0 ],
					"out1b" : [ 0 ],
					"out2a" : [ 0 ],
					"out2b" : [ 17 ],
					"gvol[1]" : [ 0.181102 ],
					"g_burn" : [ 66.70079 ],
					"c_int" : [ 370 ],
					"r_tog" : [ 0 ],
					"chance[1]" : [ 89.199997 ],
					"intense" : [ 62 ],
					"p_length" : [ 370.0 ]
				}

			}

		}

	}

}
