{
	"pattrstorage" : 	{
		"name" : "default_performer",
		"slots" : 		{
			"1" : 			{
				"id" : 1,
				"data" : 				{
					"volume" : [ 0 ],
					"volume[1]" : [ 0 ],
					"volume[2]" : [ 121 ],
					"volume[3]" : [ 121 ],
					"volume[4]" : [ 120 ],
					"volume[5]" : [ 120 ],
					"volume[6]" : [ 0 ]
				}

			}
,
			"2" : 			{
				"id" : 2,
				"data" : 				{
					"volume" : [ 0 ],
					"volume[1]" : [ 0 ],
					"volume[2]" : [ 121 ],
					"volume[3]" : [ 121 ],
					"volume[4]" : [ 120 ],
					"volume[5]" : [ 120 ],
					"volume[6]" : [  ]
				}

			}

		}

	}

}
