{
	"pattrstorage" : 	{
		"name" : "default_vsliders",
		"slots" : 		{
			"1" : 			{
				"id" : 1,
				"data" : 				{
					"s1" : [ 76 ],
					"s2" : [ 61 ],
					"s3" : [ 49 ],
					"s4" : [ 39 ],
					"s5" : [ 46 ],
					"s6" : [ 52 ],
					"s7" : [ 63 ],
					"s8" : [ 74 ],
					"s9" : [ 60 ],
					"s10" : [ 46 ],
					"s11" : [ 58 ],
					"s12" : [ 81 ],
					"s13" : [ 74 ],
					"s14" : [ 57 ],
					"s15" : [ 74 ],
					"s16" : [ 91 ],
					"s17" : [ 114 ],
					"s18" : [ 48 ],
					"s19" : [ 19 ],
					"s20" : [ 39 ],
					"s21" : [ 119 ],
					"s22" : [ 52 ],
					"s23" : [ 63 ],
					"s24" : [ 38 ],
					"s25" : [ 60 ],
					"s26" : [ 92 ],
					"s27" : [ 65 ],
					"s28" : [ 81 ],
					"s29" : [ 106 ],
					"s30" : [ 85 ],
					"s31" : [ 78 ],
					"s32" : [ 70 ]
				}

			}

		}

	}

}
